Wavelength [nm],Intensity (a.u)
181.232,367.979764997959
181.576,210.644986307869
181.919,141.235771713158
182.263,43.172175993522
182.607,174.997831964167
182.950,-6.4086703757445
183.294,82.8133704314629
183.637,63.2372170736392
183.981,119.695573812972
184.325,43.746161321799
184.668,31.1663945664962
185.012,-21.3954836962124
185.355,143.994040111701
185.699,-30.273529479901
186.043,-64.4419136146704
186.386,42.4504072715839
186.730,201.451129948099
187.073,291.855285788576
187.417,-5.11580706139406
187.760,-31.5972895200054
188.104,35.2422758241495
188.447,144.023125715554
188.791,21.2081314623356
189.134,-90.8222210556269
189.478,-106.596566836039
189.821,30.5161710431178
190.165,-0.96693526705106
190.508,1.21535822749138
190.851,17.7129180977742
191.195,123.414273341497
191.538,124.829269359509
191.882,56.9723597566287
192.225,104.069921354453
192.569,187.628186215957
192.912,245.804698283474
193.255,341.840832213561
193.599,283.298466295004
193.942,207.328818768263
194.285,-17.482383603851
194.629,-7.89304356276989
194.972,203.46124744912
195.315,249.539296751221
195.659,162.972359756629
196.002,156.430894953509
196.345,168.214814042052
196.688,276.581390591959
197.032,94.3311652975002
197.375,153.761337565879
197.718,70.1611573398113
198.061,50.2449880689383
198.405,-58.6827440857887
198.748,60.5002721001705
199.091,168.506954694788
199.434,149.141823490461
199.777,-43.2422758241495
200.121,-6.88798480480909
200.464,45.9971092855558
200.807,76.3600724426409
201.150,-33.3196024394905
201.493,7.00578142888844
201.836,119.736043813328
202.180,158.735321136812
202.523,154.069377146661
202.866,171.527011220654
203.209,177.904427940647
203.552,28.7620602498452
203.895,-56.081662684679
204.238,-60.4207774524887
204.581,111.124300725758
204.924,277.190064489841
205.267,240.309484937539
205.610,251.849682837725
205.953,156.302980828409
206.296,56.7129180977742
206.639,-52.9233960658312
206.982,-65.2307129700979
207.325,31.9154466018081
207.668,-20.7172541717688
208.011,-150.759348019958
208.354,-148.350856105487
208.697,-16.2475130359332
209.040,25.191331366698
209.383,20.1140047411124
209.726,18.7221344312032
210.069,67.655648012956
210.412,96.1748882383108
210.755,10.7635056103269
211.097,87.8531177590291
211.440,201.774345780412
211.783,190.285636541744
212.126,12.0303525049239
212.469,29.3535683353742
212.812,191.678229524444
213.154,380.780849891404
213.497,228.464138155182
213.840,239.573985313376
214.183,261.658538719018
214.526,229.626740862926
214.868,90.0691986779372
215.211,20.4625143408775
215.554,97.6751603384813
215.897,123.858899186055
216.239,-38.1743440230688
216.582,46.8133704314629
216.925,25.3969290529688
217.268,103.969647495076
217.610,-38.3940383431812
217.953,92.0513101816177
218.296,148.128636807203
218.638,52.895033116142
218.981,-132.233782182137
219.324,-84.7971058090528
219.666,84.4379432499409
220.009,242.333154857159
220.351,289.819874535004
220.694,346.972538212314
221.037,358.777236493925
221.379,136.14959448576
221.722,73.0289071463049
222.064,59.9978319641668
222.407,223.356459048887
222.750,127.148871794343
223.092,-3.45492183665434
223.435,57.9188815156619
223.777,216.884915615122
224.120,337.06793179363
224.462,198.733153099815
224.805,163.461970140537
225.147,124.746883998315
225.490,220.977596960962
225.832,217.037579290569
226.175,321.399819766482
226.517,274.274073687692
226.859,184.269737613698
227.202,7.67244809555511
227.544,25.7837406049172
227.887,51.5732626517614
228.229,20.9210495452086
228.571,-126.770188197494
228.914,-25.1288152684768
229.256,59.0462514311075
229.599,253.605961656819
229.941,14.2401077871521
230.283,66.8251117616892
230.626,75.3145436880489
230.968,304.127914115787
231.310,250.840109537045
231.653,321.975250462691
231.995,292.250769495964
232.337,247.749052035312
232.679,30.0859987586737
233.022,142.874075437586
233.364,428.840109537045
233.706,383.081662684679
234.048,121.827824006478
234.391,34.4778690685829
234.733,219.379584764441
235.075,405.020235002041
235.417,399.346341549729
235.759,406.783740604917
236.102,350.461970140537
236.444,134.942908387631
236.786,-35.4287269165119
237.128,-10.2509479646882
237.470,128.066486433148
237.812,74.8742539137602
238.154,-68.0158989299089
238.497,-61.1743440230688
238.839,184.702800600479
239.181,187.942908387631
239.523,235.10695643723
239.865,207.482205127676
240.207,287.353568335374
240.549,157.594398799042
240.891,-6.17922431230545
241.233,205.187352245053
241.575,398.088166795671
241.917,323.525565852722
242.259,-21.2906952959796
242.601,-17.6775068460653
242.943,242.762060249845
243.285,353.858899186055
243.627,208.568926562866
243.969,74.8827475855748
244.311,171.896478469173
244.653,141.895033116142
244.995,102.75266542534
245.337,213.966756783426
245.679,381.362240479638
246.021,614.362240479638
246.362,451.385366198917
246.704,453.783017928402
247.046,305.988437142223
247.388,357.779404538373
247.730,128.043182233969
248.072,140.001989553372
248.414,161.88347026209
248.755,71.9094867060582
249.097,5.65709336598714
249.439,9.95284743110339
249.781,304.511834954222
250.123,232.83071471254
250.464,15.7447159538666
250.806,-65.3947610196968
251.148,163.015176252462
251.490,300.452575308581
251.831,141.860344553987
252.173,39.7895220393936
252.515,54.8439014256001
252.856,59.8337839096785
253.198,18.7085820275048
253.540,-13.8778673112392
253.881,115.208131462336
254.223,137.501717468103
254.565,82.6912377408395
254.906,82.0751585811377
255.248,246.535683353742
255.590,336.84444561104
255.931,168.454743353029
256.273,81.8523950825135
256.614,112.059259645641
256.956,225.58283594499
257.298,101.042638037354
257.639,268.545078163346
257.981,254.659984072049
258.322,274.945620636145
258.664,-80.5438112939398
259.005,-51.4766021768252
259.347,101.614455332359
259.688,197.166938766837
260.030,184.468474244078
260.371,146.013008216396
260.713,195.888707488775
261.054,122.757001499335
261.396,68.9224948982398
261.737,37.8379415074984
262.079,170.322493153935
262.420,151.269737613698
262.761,68.6269193391005
263.103,107.610297730813
263.444,128.642095592494
263.786,294.266124223669
264.127,52.2075872470935
264.468,13.4975598702828
264.810,36.780305698514
265.151,168.644263627628
265.492,155.790967392425
265.834,184.661607916156
266.175,392.598012196521
266.516,386.899547666311
266.858,228.206864570578
267.199,52.0137308938429
267.540,88.5197844256957
267.881,31.28690341115
268.223,-99.2039738645156
268.564,-18.7620602498452
268.905,99.0751585811377
269.246,167.702622105678
269.588,4.33243218064308
269.929,-42.7875324785709
270.270,162.941284547249
270.611,237.114905901253
270.952,150.910387843847
271.294,170.829992036025
271.635,202.05691314737
271.976,236.858899186055
272.317,65.6702800599548
272.658,120.000722678611
272.999,223.558264868955
273.340,186.518517548839
273.681,11.8025302539269
274.023,151.962242225806
274.364,229.529901926716
274.705,270.441735131045
275.046,-16.2328809996446
275.387,-2.92917749285698
275.728,191.591508085529
276.069,183.279855114718
276.410,301.803252930443
276.751,323.902259896199
277.092,545.241374671459
277.433,235.965855638186
277.774,138.128458301226
278.115,171.774889995654
278.456,427.170552149415
278.797,383.034688573331
279.138,293.777236493925
279.479,275.566035856803
279.820,365.546523531278
280.160,435.981933033094
280.501,335.890152849257
280.842,446.730262386302
281.183,411.511834954222
281.524,403.813370431463
281.865,336.647698541482
282.206,308.098828504483
282.546,447.812647754947
282.887,367.995663928334
283.228,333.721590242038
283.569,286.184283062816
283.910,280.650589247545
284.251,201.23270252347
284.591,74.0390246436
284.932,67.5228536228339
285.273,311.618247194837
285.614,309.569649254282
285.954,191.260164320469
286.295,141.085998758674
286.636,371.529901926716
286.976,370.414817541838
287.317,329.815359999736
287.658,316.413372188807
287.999,483.686901668708
288.339,270.838842660189
288.680,66.3709126239022
289.020,138.177056267858
289.361,272.265223056078
289.702,216.321591973305
290.042,-43.3494107524554
290.383,24.8654033044974
290.724,109.037579290569
291.064,168.077326610684
291.405,74.8668486575286
291.745,199.899369190137
292.086,354.507498880227
292.426,455.692683099459
292.767,359.074435897172
293.107,359.233425199986
293.448,574.584102829297
293.788,951.315087914467
294.129,1246.01282973091
294.469,1728.33821359277
294.810,2410.9528474311
295.150,3145.1560985744
295.491,3638.68690166871
295.831,3947.94363106415
296.172,4172.75194274137
296.512,4258.85384043555
296.853,4057.56748120983
297.193,3926.20018199086
297.533,3372.72592631231
297.874,2583.10695643723
298.214,1374.20740877092
298.554,650.9803091983
298.895,365.349776476622
299.235,263.834328110019
299.576,84.7620602498452
299.916,50.1308048218489
300.256,251.822042579452
300.596,362.612287302812
300.937,256.468474244078
301.277,161.624028629313
301.617,225.785185957948
301.958,334.930444369714
302.298,260.847336332003
302.638,278.420777452489
302.978,433.215358227491
303.318,511.877688835065
303.659,416.044806078076
303.999,305.611020411054
304.339,289.676784167687
304.679,264.576876034339
305.019,157.383742362261
305.360,199.699008752902
305.700,327.287626087666
306.040,441.258718937635
306.380,496.528456573685
306.720,664.097561620176
307.060,691.672448095555
307.400,683.404878524443
307.740,712.69250463446
308.081,1135.18554995457
308.421,1526.42059895396
308.761,1678.49521334966
309.101,1681.08672143519
309.441,1985.56748120983
309.781,2470.41264951229
310.121,2969.54273164272
310.461,3497.75031890472
310.801,4166.20090466738
311.141,4924.13947698474
311.481,5458.52339782317
311.821,5927.91671348612
312.161,7106.97958652179
312.501,8774.47931442162
312.841,10893.9277321324
313.180,12163.0961162597
313.520,13068.7141849895
313.860,13252.4654050469
314.200,13942.3504991233
314.540,16018.720689108
314.880,19989.2990104953
315.220,24567.4876295726
315.560,26317.3040692012
315.899,23498.4959360262
316.239,16489.0455287546
316.579,8880.86901668708
316.919,3437.9528474311
317.259,934.978141168753
317.599,524.631799628337
317.938,633.379406273365
318.278,671.985367933909
318.618,376.076603934169
318.958,294.701355239997
319.297,317.997109285556
319.637,310.174344023069
319.977,126.882203385234
320.316,204.082385368645
320.656,369.457634059091
320.996,371.767119000355
321.336,287.0390246436
321.675,157.249502611657
322.015,423.00505875051
322.354,354.565313180288
322.694,460.002712229888
323.034,267.014997760455
323.373,357.615178008874
323.713,216.678952203753
324.053,252.168562596043
324.392,295.070099830627
324.732,515.766940524181
325.071,455.780671407779
325.411,375.17994697392
325.750,458.743270600836
326.090,683.42222280552
326.429,873.358627085885
326.769,690.146703764796
327.108,943.05691314737
327.448,1040.98392258088
327.787,1441.16621609032
328.127,1158.23992931843
328.466,1092.5978337129
328.806,941.558809076746
329.145,849.915268118183
329.485,656.531347279747
329.824,624.507498880227
330.163,788.346163064241
330.503,922.438665956259
330.842,1284.34182700515
331.182,1455.71057157715
331.521,1739.66721086701
331.860,1495.52773388227
332.200,1617.85528578858
332.539,1794.12502340972
332.878,2374.34345083435
333.218,2945.03179785982
333.557,3876.55302763482
333.896,5132.90081454317
334.236,7217.20307269692
334.575,9946.60144709547
334.914,14095.9326123993
335.253,19884.8798568646
335.593,27523.1691067964
335.932,36315.6419171294
336.271,44907.5848255058
336.610,50201.8887074888
336.949,49626.1064122369
337.289,41437.9327908903
337.628,28734.1857284158
337.967,16517.7373106678
338.306,8905.12050885955
338.645,5628.03740082185
338.984,4252.54796888431
339.324,3329.08094000816
339.663,2913.5060535272
340.002,2502.83704038461
340.341,2097.87461968263
340.680,1543.26666843891
341.019,1197.66359748443
341.358,1009.17398707072
341.697,1019.28545805812
342.036,1081.05709161237
342.375,1292.13441821933
342.714,1128.15320786834
343.053,923.785908641915
343.392,614.798916856448
343.731,601.743993277351
344.070,536.796748826901
344.409,498.850949729482
344.748,453.794580782453
345.087,683.06287304312
345.426,761.310930294295
345.765,654.99494124949
346.104,608.041915360838
346.443,854.620415235559
346.782,953.381030124923
347.121,840.838664184014
347.459,739.750497388343
347.798,990.100452333689
348.137,1114.81264775495
348.476,1070.10695643723
348.815,1269.11346054822
349.154,1654.50099477669
349.492,1848.17199751735
349.831,1849.86178990702
350.170,1894.28401270509
350.509,1997.20090466738
350.848,2137.61535648505
351.186,2523.90677445382
351.525,3443.98337839171
351.864,4749.61752451832
352.203,6155.68256559658
352.541,7707.97615160421
352.880,9588.90316105634
353.219,11281.6710027383
353.557,11717.3412827983
353.896,10526.5638678124
354.235,8464.42132166028
354.573,7599.97741849224
354.912,7662.96730099122
355.251,9325.20307269692
355.589,11645.1416450143
355.928,15553.5385740598
356.266,20308.1691067964
356.605,25779.638303717
356.944,31725.4263803959
357.282,36165.8509497295
357.621,36414.7642282868
357.959,30442.2269210964
358.298,20094.4872638931
358.636,10826.4561887061
358.975,5074.1423676908
359.313,3189.11635126174
359.652,2524.81770650546
359.990,2229.72881702955
360.329,1792.40849191447
360.667,1439.29196217656
361.006,1233.96874634425
361.344,1257.18139234185
361.683,1005.58988424142
362.021,823.656370689472
362.359,835.51906174918
362.698,886.151762515307
363.036,799.264500379562
363.375,662.58193478485
363.713,812.159711971879
364.051,883.506776203712
364.390,905.464860846599
364.728,931.303703510513
365.066,998.270460290214
365.405,1130.77217775087
365.743,1023.10840179771
366.081,1064.68617898847
366.419,1079.11056982726
366.758,1247.61607916156
367.096,1290.50406397382
367.434,1232.79458078245
367.772,967.194400548935
368.111,831.986269106157
368.449,948.437399064501
368.787,1097.41554021835
369.125,1657.69394995769
369.463,2144.92899901668
369.802,3009.71346231302
370.140,3597.36350736022
370.478,4199.58699353536
370.816,4350.83649615447
371.154,3905.07588125765
371.492,2778.66811202389
371.830,1861.2263768961
372.169,1422.19891511401
372.507,1542.05709161237
372.845,2185.28762608767
373.183,2954.3215919733
373.521,4214.80397560696
373.859,5421.42944959303
374.197,7013.96296490232
374.535,8994.65709336599
374.873,10940.8863609682
375.211,11732.6476985415
375.549,10612.701899459
375.887,7616.90153723459
376.225,4626.55880907675
376.563,2378.57904407879
376.901,1823.67516033848
377.239,2189.14580262701
377.577,3156.98609061042
377.915,4033.38735577464
378.253,5255.08130570253
378.590,6867.78193831444
378.928,9395.6930488348
379.266,12229.5832016468
379.604,15367.4950348735
379.942,17858.3062372605
380.280,17972.1326159438
380.618,14895.5533933441
380.955,9221.91563379765
381.293,4309.62710658709
381.631,1519.18447029591
381.969,627.293594837189
382.307,444.881489555041
382.644,318.214822888374
382.982,444.157731175423
383.320,330.6502323548
383.658,366.579409817855
383.995,361.306058724721
384.333,558.503528515498
384.671,448.016264637311
385.008,556.178867359956
385.346,477.635778705279
385.684,572.167304476102
386.021,469.983744104703
386.359,388.19060866038
386.697,371.557907938957
387.034,383.669923067093
387.372,551.696662187576
387.709,678.042281051477
388.047,892.533336877823
388.385,1060.76983123024
388.722,1339.68582206965
389.060,1293.8585422039
389.397,1345.46522657077
389.735,1175.85799803336
390.072,1210.27895396948
390.410,982.880579541127
390.747,1085.09250286222
391.085,1187.80975704889
391.422,1363.45817825198
391.760,1203.56730270386
392.097,1163.27516208092
392.435,1188.69666218758
392.772,1448.69883024693
393.110,1707.66125100851
393.447,2272.00632564227
393.784,2768.11418322474
394.122,2848.93116704623
394.459,2133.69539534052
394.797,1445.47046381235
395.134,774.035054286321
395.471,503.293229023616
395.809,181.884915615121
396.146,368.884915615122
396.483,727.291060964266
396.821,880.736409544945
397.158,1099.37561438481
397.495,1474.90623903275
397.832,2140.69359294573
398.170,2598.18464877208
398.507,3117.99675228198
398.844,4048.4957575798
399.181,5023.98247722785
399.519,5327.69756337007
399.856,4488.56368935108
400.193,3050.1167169412
400.530,1703.44643692176
400.867,898.617167592049
401.205,450.967122515043
401.542,426.626562356949
401.879,711.958450337251
402.216,683.983021398385
402.553,923.597655236721
402.890,804.324304203192
403.227,1209.63089841604
403.565,1562.06197188298
403.902,1922.6621521016
404.239,2629.06919867794
404.576,3136.08076153199
404.913,4085.51888328791
405.250,4738.67787253857
405.587,4961.86938244104
405.924,4386.55267069737
406.261,2872.03071822723
406.598,1672.14779212077
406.935,767.936591506004
407.272,654.957727630933
407.609,351.744537462791
407.946,181.600545942783
408.283,143.102263410886
408.620,336.69160348177
408.956,446.173987070719
409.293,294.682387133439
409.630,202.290516793728
409.967,140.250046819448
410.304,186.224753051996
410.641,115.834872325261
410.978,145.144178767999
411.315,257.0523985823
411.651,279.918703039487
411.988,304.357547442118
412.325,237.157909651597
412.662,443.175253947576
412.999,409.001088400682
413.335,497.466850399971
413.672,480.225297252337
414.009,610.664864361286
414.346,498.891241272291
414.682,247.904972155889
415.019,20.3416484991709
415.356,17.5224967002869
415.692,-58.0803958078226
416.029,-54.1107483108839
416.366,64.0243925849597
416.702,352.760436405738
417.039,451.304247707129
417.376,339.596388359865
417.712,301.01788849632
418.049,497.90370524923
418.386,618.886360968153
418.722,748.916713486115
419.059,742.610841919979
419.395,953.510211110115
419.732,1071.77615690231
420.068,1065.4623358051
420.405,908.175432423751
420.742,553.408313423395
421.078,283.437943249941
421.415,76.3700114488602
421.751,254.810301234325
422.088,388.552126467228
422.424,419.163869569699
422.760,349.473354518414
423.097,560.502261698246
423.433,614.885459800561
423.770,531.426380395889
424.106,472.589884241422
424.443,625.858176509539
424.779,840.888529012601
425.115,972.308583796024
425.452,1115.5412863493
425.788,1390.28094349305
426.124,1536.00488025943
426.461,1650.70479016503
426.797,1481.8507712086
427.133,1158.99187205235
427.470,858.148149117827
427.806,521.908041338126
428.142,318.806687851747
428.479,173.216625074546
428.815,253.094492415587
429.151,264.764772494634
429.487,304.637402534485
429.824,304.92159374555
430.160,303.981031874816
430.496,259.271004468203
430.832,151.528456573685
431.168,182.501717468103
431.505,224.43649789691
431.841,397.539840936661
432.177,553.074980090062
432.513,775.032342086236
432.849,764.790066232284
433.185,767.131349037091
433.521,731.160256187121
433.857,973.616444885731
434.194,1282.74291366339
434.530,1216.76025795937
434.866,866.320146650076
435.202,340.611743091295
435.538,232.158266618848
435.874,254.671546926101
436.210,282.864680613081
436.546,296.448961918553
436.882,231.872630084554
437.218,116.938393841187
437.554,19.2312571704388
437.890,90.9131000737349
438.226,409.039568851392
438.562,434.735142668088
438.898,372.328818768263
439.233,221.7402014335
439.569,307.110391358535
439.905,213.358448624611
440.241,105.590428471565
440.577,47.7776021957397
440.913,158.932433923086
441.249,269.401086628437
441.584,191.299911618233
441.920,138.581212123235
442.256,154.908041338126
442.592,115.393137186766
442.928,148.936770041784
443.264,142.665587007999
443.599,238.121954212586
443.935,305.446793881555
444.271,158.452575308581
444.607,275.866125966112
444.942,317.163325369358
445.278,428.906595985095
445.614,233.929721693198
445.949,238.023669908444
446.285,219.514547228813
446.621,201.613554179668
446.956,102.445170044899
447.292,236.837941507498
447.628,447.538574059804
447.963,368.225475743413
448.299,301.754110785822
448.634,480.521229778727
448.970,514.223851899306
449.306,386.344539205233
449.641,-42.3017139534156
449.977,-19.6384821987401
450.312,30.447516558071
450.648,110.225297252337
450.983,2.39512674013776
451.319,-14.1781359116237
451.654,184.313642531633
451.990,299.315087914467
452.325,243.61590068539
452.661,162.968023667733
452.996,218.137853125731
453.332,286.150861362616
453.667,159.667210867008
454.002,127.774345780412
454.338,273.437399064501
454.673,291.011384377877
455.009,314.298466295004
455.344,240.007770965497
455.679,318.413372188807
456.015,258.033243216574
456.350,167.915446601808
456.685,245.783017928402
457.021,440.216080918908
457.356,438.139298508565
457.691,180.160978833834
458.027,71.6397490700086
458.362,84.6245728333791
458.697,99.4749783476194
459.032,-67.9515805281699
459.368,-34.8598003387451
459.703,163.924662957589
460.038,290.035955439011
460.373,238.758268376192
460.708,212.29702091217
461.044,231.088889472187
461.379,315.863957936565
461.714,263.041014204423
462.049,226.048963646094
462.384,308.303525030613
462.719,183.477869068583
463.054,121.790244708459
463.390,-17.3985529045264
463.725,294.336045563221
464.060,283.61590068539
464.395,261.876966143648
464.730,132.162602692842
465.065,315.850949729482
465.400,458.041736880938
465.735,315.493589520454
466.070,249.710571577152
466.405,218.087988326947
466.740,312.236860136191
467.075,246.447338074446
467.410,378.1560985744
467.745,465.681120239819
468.080,313.48509584864
468.415,-9.3342344860236
468.750,-100.115807061394
469.084,68.4352310200532
469.419,126.649866571029
469.754,35.8587206800779
470.089,10.8637794454892
470.424,61.4422793090344
470.759,72.3996413052082
471.094,25.357725918293
471.428,148.28039932251
471.763,245.869016687075
472.098,214.503885482748
472.433,142.876243482033
472.768,287.73748917381
473.102,439.94218570739
473.437,346.139476984739
473.772,116.136407802502
474.107,127.393137186766
474.441,274.397651736935
474.776,269.585548182328
475.111,165.422767013311
475.445,135.244988068938
475.780,280.160434663296
476.115,326.433785667022
476.449,242.197291269898
476.784,131.300634324551
477.119,410.799639532964
477.453,342.948689818382
477.788,284.949412494898
478.123,21.1430903822184
478.457,190.62601818641
478.792,337.106055269639
479.126,303.316354731719
479.461,201.506597697735
479.795,213.926830987136
480.130,236.593497653802
480.464,299.508221571644
480.799,333.088889472187
481.133,358.535683353742
481.468,218.198013946414
481.802,16.7071366707484
482.137,10.8292693595091
482.471,157.981031874816
482.806,196.349232263242
483.140,54.9168919548392
483.474,203.896478469173
483.809,306.309306442738
484.143,295.041014204423
484.478,57.1356850961844
484.812,15.5631451358398
485.146,221.182115018368
485.481,244.378683596849
485.815,203.918158839146
486.149,182.708582027505
486.484,284.758446852366
486.818,297.219694301486
487.152,98.297743588686
487.486,326.881302217643
487.821,374.6688347025
488.155,385.684733633573
488.489,67.105511084199
488.823,152.496658702691
489.158,251.662152101596
489.492,154.97669578592
489.826,25.5653131802877
490.160,65.6137326558431
490.494,158.265945732594
490.829,173.223307698965
491.163,135.587716211875
491.497,306.994040111701
491.831,400.20885412395
492.165,312.441735131045
492.499,22.3570032417774
492.833,-18.5830144286156
493.167,109.612287302812
493.501,151.599279065927
493.835,184.396206376453
494.169,206.858354985714
494.503,297.65510380889
494.837,209.942729900281
495.171,-14.2308914462725
495.505,-15.6928615868092
495.839,-5.87497659027576
496.173,91.5017174681028
496.507,123.023669908444
496.841,123.656370689472
497.175,344.787354002396
497.509,141.20885412395
497.843,82.6289088924726
498.177,98.3020796775818
498.511,225.986090610425
498.845,284.495936026176
499.179,78.2240303903818
499.512,183.61951409777
499.846,253.774345780412
500.180,336.766396316389
500.514,97.4677515526613
500.848,48.4142733414968
501.181,105.65943988009
501.515,275.968202140182
501.849,130.140199661255
502.183,75.3013570010662
502.517,238.340381652117
502.850,296.913100073735
503.184,249.485818525155
503.518,290.448961918553
503.851,352.318157080871
504.185,284.326106546757
504.519,5.78807668636239
504.852,35.3904249457022
505.186,116.036133933812
505.520,201.255105555058
505.853,65.3288187682629
506.187,123.899369190137
506.521,162.48509584864
506.854,226.746161321799
507.188,85.0722678676248
507.521,72.3665765499076
507.855,142.368021906664
508.188,154.404878524443
508.522,223.540019427737
508.855,190.082929591338
509.189,349.740924080213
509.522,212.676605691512
509.856,56.7011767526468
510.189,-32.0825638373693
510.523,57.3983744134506
510.856,105.420777452489
511.190,74.1185192912817
511.523,66.7873540023962
511.857,249.28039932251
512.190,190.404700040817
512.523,70.7750684643785
512.857,96.7998180091381
513.190,395.434508343538
513.523,472.309306442738
513.857,403.112015195191
514.190,225.506053527196
514.523,193.326650738716
514.857,101.918158839146
515.190,-85.0803958078226
515.523,18.0243925849596
515.857,208.343995034695
516.190,227.241374671459
516.523,-0.457812542716624
516.856,-33.8157169371843
517.190,143.78157256792
517.523,194.823487932483
517.856,-60.4274600396553
518.189,92.9239402810732
518.522,380.875520790617
518.856,405.878411496679
519.189,214.269559144974
519.522,14.5963883598646
519.855,222.404878524443
520.188,144.195301716526
520.521,111.720144885282
520.854,81.3107518255711
521.187,351.983199904362
521.520,315.17994697392
521.854,259.511112277706
522.187,174.115450094144
522.520,313.565857410431
522.853,406.743092139562
523.186,380.09683894366
523.519,391.884371414781
523.852,366.028907146305
524.185,154.601447095474
524.518,-26.0016238590082
524.851,-1.37470449010527
525.183,180.706235518058
525.516,270.506597697735
525.849,284.121954212586
526.182,431.628186215957
526.515,639.817706505458
526.848,425.484373172124
527.181,49.3598939478397
527.514,-9.02691759665811
527.847,240.394038343181
528.179,324.462692802151
528.512,183.905873293678
528.845,203.717976848284
529.178,395.900270350277
529.511,301.759892212848
529.843,93.8646806130806
530.176,13.3774167311689
530.509,81.2661242236694
530.842,-8.72086756552255
531.174,-31.9819330330938
531.507,90.1626026928425
531.840,424.415540218353
532.172,403.116172770659
532.505,287.842277581493
532.838,201.428726916512
533.170,232.566035856803
533.503,166.160434663296
533.836,33.3463415497293
534.168,75.4930453052123
534.501,198.938393841187
534.834,131.55808638533
535.166,71.0547451178232
535.499,208.007048318783
535.831,434.054200898856
536.164,357.10189768672
536.496,189.656370689472
536.829,66.7886208792528
537.161,145.390969157219
537.494,-5.39421681563056
537.826,-55.0919586618742
538.159,106.918881515662
538.491,332.681664427121
538.824,268.059803853432
539.156,68.0164431432883
539.489,150.017165790002
539.821,365.723579814037
540.153,413.33460021019
540.486,104.255828231573
540.818,65.5306246032318
541.151,173.845890978972
541.483,198.295575559139
541.815,74.6845551629862
542.148,21.2883487641811
542.480,218.5429101487
542.812,226.113460548222
543.145,163.017344286665
543.477,124.799639532963
543.809,378.179224312305
544.141,277.342728155975
544.474,181.777959177892
544.806,72.176333591342
545.138,255.412827988466
545.470,220.258718937635
545.802,56.0345100859801
546.135,56.2312571704388
546.467,186.233425199986
546.799,256.491599952181
547.131,180.753388101856
547.463,171.301357001066
547.795,183.09232438604
548.128,175.379406273365
548.460,126.02439258496
548.792,240.077870796124
549.124,363.650589247545
549.456,319.749774711828
549.788,169.443903160592
550.120,94.8408322135608
550.452,241.110569827259
550.784,209.487986554702
551.116,211.126468762755
551.448,196.058536969125
551.780,427.365131193151
552.112,266.185906892021
552.444,152.79114587605
552.776,35.4171640550096
553.108,262.979586521785
553.440,333.864680613081
553.772,195.130804821849
554.104,94.4836504956086
554.435,164.261065465709
554.767,152.591508085529
555.099,146.79530347387
555.431,130.151039838791
555.763,285.304970383644
556.095,229.062694559495
556.426,170.297743588686
556.758,97.8430002580087
557.090,263.386811551948
557.422,197.056368935853
557.754,165.046251431108
558.085,153.730985070268
558.417,254.926830987136
558.749,192.928276310364
559.080,-32.3232158323128
559.412,3.05275554209948
559.744,198.860344553987
560.076,314.49521334966
560.407,150.874075437586
560.739,159.366398066282
561.071,207.150138656298
561.402,251.085097591082
561.734,159.310751825571
562.065,122.367843419313
562.397,318.381574332714
562.729,168.839386860529
563.060,114.749052035312
563.392,10.5313472797475
563.723,263.282567352057
564.055,440.680219074091
564.386,296.687445869049
564.718,262.856008465091
565.049,155.089612156153
565.381,251.357181729128
565.712,123.224931535621
566.044,152.001445357222
566.375,357.979586521785
566.707,441.884737153848
567.038,269.489976137877
567.369,118.56314513584
567.701,130.87335276107
568.032,117.631799628337
568.364,24.8480590085189
568.695,26.3795847644408
569.026,224.397651736935
569.358,140.392592978974
569.689,-75.7266489962738
570.020,-82.1524851918221
570.352,-3.0961162596941
570.683,141.969647495076
571.014,-94.7895220393937
571.345,-64.8256559769313
571.677,133.060705009848
572.008,108.43288448453
572.339,70.9548369844754
572.670,-89.5627794265747
573.001,262.541464795669
573.333,184.695573812972
573.664,111.901715703309
573.995,49.7324304232996
574.326,236.851672391097
574.657,276.416441378494
574.988,57.8032529304426
575.320,94.187173768878
575.651,181.464138155182
575.982,252.882024894158
576.313,157.651311953862
576.644,319.66359748443
576.975,461.175610914826
577.306,462.620415235559
577.637,66.2126459976037
577.968,67.1447142114241
578.299,174.742003709078
578.630,285.198192422589
578.961,163.988437142223
579.292,127.652935772824
579.623,308.091057509184
579.954,253.386088875433
580.285,65.9790423195809
580.616,-8.96910329659772
580.947,141.648242771626
581.277,166.041736880938
581.608,45.8299920360248
581.939,53.5580863853295
582.270,243.692683099459
582.601,240.251670648654
582.932,175.496658702691
583.263,254.882747585575
583.593,509.122132688761
583.924,467.73748917381
584.255,145.413550664981
584.586,86.4215001290042
584.916,262.640650233875
585.247,302.701355239997
585.578,157.611564596494
585.909,122.283290028572
586.239,391.872630084554
586.570,357.905150617162
586.901,236.68672316273
587.231,163.333154857159
587.562,329.443180484076
587.893,305.766396316389
588.223,100.910932044188
588.554,164.801084885995
588.885,168.007226786576
589.215,136.770732397834
589.546,-155.628364699582
589.876,-21.5835586215059
590.207,260.235414723555
590.537,302.152128239473
590.868,236.119063476721
591.198,129.597833712896
591.529,312.136407802502
591.859,288.78211676081
592.190,123.691781957944
592.520,129.913100073735
592.851,107.316711725046
593.181,106.279855114718
593.512,-89.8041540980339
593.842,13.6433624525865
594.173,228.816261152426
594.503,250.229267602166
594.833,84.5250216523806
595.164,0.399097089966176
595.494,130.125023409724
595.824,155.161880016327
596.155,113.632522304853
596.485,76.6484212478002
596.815,164.272449851036
597.146,128.201627343893
597.476,172.814815784494
597.806,216.931167046229
598.137,430.617346038421
598.467,238.100452333689
598.797,122.117796614766
599.127,59.3215919733048
599.457,270.704790165027
599.788,243.214635550976
600.118,62.1315275132656
600.448,36.1040657311678
600.778,234.070822507143
601.108,208.425836195548
601.438,62.754110785822
601.769,-25.2690149297317
602.099,199.091780185699
602.429,86.2948528826237
602.759,52.3663980662823
603.089,-79.2466118981441
603.419,228.018066966906
603.749,161.035955439011
604.079,103.254204372565
604.409,197.513824522495
604.739,355.689613928397
605.069,354.472810318073
605.399,140.104065731168
605.729,172.5429101487
606.059,319.0527555421
606.389,244.330442618889
606.719,17.7127396066984
607.049,-5.44353747367859
607.379,130.292684853077
607.709,124.874798129002
608.039,7.72719319661462
608.368,-24.3096634248892
608.698,196.438121741017
609.028,165.116351261735
609.358,13.2623323500156
609.688,-74.7593480199575
610.018,83.105511084199
610.347,110.04841947183
610.677,34.6476985414823
611.007,102.910030861696
611.337,302.84860320886
611.666,419.755377670129
611.996,292.800183733304
612.326,239.840653737386
612.656,154.396750569344
612.985,259.540742104252
613.315,133.343995034695
613.645,298.515992581844
613.974,307.641917129358
614.304,396.068654470146
614.634,182.723758279035
614.963,142.670824249586
615.293,195.561521291733
615.622,96.7084035476049
615.952,-11.918337315321
616.282,-111.259620112677
616.611,123.530624603232
616.941,86.541464795669
617.270,15.9000918666521
617.600,-3.1512183149656
617.929,125.766396316389
618.259,250.564590503772
618.588,131.041014204423
618.918,173.672269602617
619.247,223.84444561104
619.577,99.9573619626463
619.906,-77.1062337607145
620.235,-91.2112006445726
620.565,253.622404803832
620.894,271.200181990862
621.224,116.435953696569
621.553,68.1279141157866
621.882,157.178501620889
622.212,193.615178008874
622.541,19.0308967034022
622.870,62.958628843228
623.200,282.35989394784
623.529,287.864502151807
623.858,107.803074469169
624.187,22.3490538001061
624.517,161.598556389411
624.846,283.897201145689
625.175,134.777058025201
625.504,1208.83848567804
625.834,1288.54580085476
626.163,1282.0643184036
626.492,47.6305327328543
626.821,-22.4655835231146
627.150,80.0173442866653
627.479,64.1582666188479
627.809,-40.7709108740091
628.138,-62.7354996204376
628.467,209.678051044544
628.796,245.453119516373
629.125,146.752486964067
629.454,21.8334269722303
629.783,161.476245224476
630.112,174.185728415847
630.441,169.072267867625
630.770,99.827824006478
631.099,233.361339330673
631.428,139.263777703047
631.757,20.9725382123142
632.086,-83.2690149297317
632.415,-49.7506758719683
632.744,58.3497764766216
633.073,38.6910592516264
633.402,98.2117448300123
633.731,171.181392341852
634.060,243.921772221724
634.388,213.214635550976
634.717,208.846613640587
635.046,227.8242106239
635.375,99.51400299867
635.704,-80.7658521234989
636.033,-36.760070681572
636.361,127.974527786175
636.690,257.988258639972
637.019,162.479314421614
637.348,59.8706405311823
637.676,149.74850782752
638.005,172.198915114005
638.334,322.749774711828
638.663,259.931889722745
638.991,357.942007223765
639.320,149.441012447079
639.649,75.4142733414968
639.977,-10.458535204331
640.306,118.853736201922
640.635,37.1868104189634
640.963,44.8532179991404
641.292,104.519625564416
641.620,286.186033129692
641.949,206.852440694968
642.278,71.8521816084782
642.606,64.1852558404207
642.935,306.18499673903
643.263,333.851404319207
643.592,159.517811869582
643.920,68.5175527681907
644.249,127.850627000133
644.577,167.51703458031
644.906,40.8501088122527
645.234,-19.4834836224715
645.562,88.5162572761377
645.891,113.515998189648
646.219,121.84907242159
646.548,115.8488133202
646.876,140.181887537241
647.204,90.848295117418
647.533,8.51470268269378
647.861,26.1811102479696
648.190,79.8475178132454
648.518,140.180592060089
648.846,38.8469996253649
649.174,26.5134071906408
649.503,176.51314808925
649.831,219.846222336094
650.159,223.845963219802
650.487,115.179037451744
650.816,222.512111683687
651.144,198.178519263864
651.472,145.178260162473
651.800,141.178001061082
652.129,246.177741959691
652.457,213.177482873201
652.785,129.510557105144
653.113,151.843631337086
653.441,383.843372220794
653.769,348.509779800971
654.097,160.509520699581
654.425,10.1759282648563
654.753,146.5090025117
655.082,356.508743410309
655.410,335.508484308918
655.738,316.174891874194
656.066,278.507966121038
656.394,227.84104035298
656.722,136.174114570022
657.050,46.1738554686308
657.378,156.506929715474
657.706,132.506670614084
658.034,176.506411512693
658.361,125.506152411302
658.689,376.505893324812
659.017,333.172300890088
659.345,376.505375122031
659.673,305.171782672405
660.001,404.838190252582
660.329,269.504597817858
660.657,229.171005383134
660.984,260.83741294841
661.312,387.83715386192
661.640,303.503561427196
661.968,172.503302325805
662.296,141.169709891081
662.623,327.169450804591
662.951,250.169191688299
663.279,145.835599253575
663.607,4.1686734855175
663.934,136.501747732361
664.262,112.834821964304
664.590,45.1678961962462
664.917,104.167637094855
665.245,280.834044675032
665.573,341.500452240308
665.900,225.833526472251
666.228,405.166600704193
666.556,510.166341602802
666.883,483.832749168078
667.211,144.165823400021
667.538,112.165564313531
667.866,253.16530521214
668.193,305.831712777416
668.521,282.164787009358
668.849,252.164527922869
669.176,331.497602154811
669.504,228.497343038519
669.831,157.497083937128
670.158,141.496824850639
670.486,243.163232415915
670.813,230.82963998119
671.141,87.4960475464662
671.468,95.4957884599766
671.796,116.828862691919
672.123,165.495270257195
672.450,39.8283444891374
672.778,132.16141872108
673.105,271.494492953022
673.432,298.160900518298
673.760,183.160641416907
674.087,273.160382330418
674.414,318.160123229027
674.742,327.159864127636
675.069,207.159605026245
675.396,148.826012606422
675.723,126.492420156797
676.051,43.492161055406
676.378,18.1585686206818
676.705,18.1583095341921
677.032,257.824717099468
677.359,178.491124664744
677.687,207.824198911587
678.014,31.1572731435299
678.341,227.823680708806
678.668,80.8234216074149
678.995,-46.8435041606426
679.322,-21.5104299287001
679.649,149.489310969909
679.976,158.489051868518
680.303,107.822126115362
680.630,119.488533680638
680.958,252.82160791258
681.285,123.488015477856
681.612,21.8210897246996
681.939,-32.1791693766912
682.266,172.487238173684
682.592,252.486979072293
682.919,385.820053319136
683.246,207.486460884412
683.573,310.486201783021
683.900,171.485942681631
684.227,169.485683595141
684.554,178.152091160417
684.881,254.151832059026
685.208,268.484906290968
685.535,96.4846471895775
685.861,215.484388088187
686.188,330.484128986796
686.515,337.817203218738
686.842,69.8169441322486
687.169,159.150018364191
687.495,303.1497592628
687.822,241.816166842977
688.149,80.8159077415863
688.476,74.1489819735289
688.802,321.48205619057
689.129,243.481797104081
689.456,100.148204669356
689.782,41.8146122346322
690.109,283.814353133241
690.436,226.147427380085
690.762,113.813834945361
691.089,-61.8530908226967
691.416,59.8133167425792
691.742,68.8130576411883
692.069,-31.5205347935359
692.395,81.4792061050733
692.722,182.145613670349
693.049,150.478687917193
693.375,25.1450954824686
693.702,-24.8551636189222
694.028,89.4779106130202
694.355,-40.1890151401361
694.681,-188.855940908194
695.008,-148.856200009584
695.334,32.1435408741236
695.660,156.143281787634
695.987,44.8096893529097
696.313,5.8094302515189
696.640,93.1425044834614
696.966,108.142245396972
697.292,61.4753196289142
697.619,31.14172719419
697.945,95.1414680927992
698.271,50.807875658075
698.598,16.1409498900175
698.924,140.807357455293
699.250,287.47376503547
699.577,207.47350593408
699.903,73.1399134993553
700.229,-2.86034560203552
700.555,116.139395311475
700.882,100.139136210084
701.208,13.4722104420264
701.534,25.8052846590678
701.860,91.1383589059115
702.186,122.804766471187
702.513,123.471174036463
702.839,230.804248268406
703.165,342.137322515249
703.491,278.803730080525
703.817,79.4701376458009
704.143,-22.1967881222566
704.469,-42.5303805420796
704.795,59.8026936749617
705.121,-1.86423209309578
705.447,109.80217547218
705.774,121.468583052357
706.100,272.8016572843
706.426,158.468064849575
706.752,90.4678057481845
707.077,21.4675466616948
707.403,-41.1993791063626
707.729,-26.8663048744202
708.055,57.4667693426212
708.381,285.466510256131
708.707,272.799584488074
709.033,235.46599205335
709.359,83.7990662852923
709.685,82.7988071988026
710.011,16.7985480974118
710.337,-14.8683776706457
710.662,158.464696576198
710.988,267.797770808141
711.314,304.130845025182
711.640,202.463919257124
711.966,101.463660170635
712.291,150.13006773591
712.617,68.1298086345196
712.943,4.79621619979537
713.269,-57.5373762200276
713.594,-12.2043019880851
713.920,32.7954389105241
714.246,7.12851312756538
714.571,-49.8717459589243
714.897,129.794661606352
715.223,85.127735838294
715.548,106.460810070237
715.874,66.1272176504135
716.199,269.126958549023
716.525,314.793366114299
716.851,168.459773679574
717.176,59.792847926418
717.502,133.792588810126
717.827,168.792329708735
718.153,126.792070607344
718.478,138.125144854188
718.804,169.791552419464
719.129,172.791293318073
719.455,65.1243675500155
719.780,174.124108463526
720.106,253.123849354684
720.431,226.79025691996
720.756,122.123331151903
721.082,169.78973873208
721.407,225.789479623238
721.733,172.122553855181
722.058,18.1222947686911
722.383,-38.2112976660331
722.709,155.455109899243
723.034,141.454850797852
723.359,219.121258370578
723.685,70.1209992691875
724.010,226.120740167797
724.335,205.787147740523
724.660,139.453555298348
724.986,388.119962871075
725.311,422.786370436351
725.636,510.78611134241
725.961,210.785852241019
726.286,214.452259806295
726.612,160.118667371571
726.937,54.1184082776308
727.262,-129.215184157093
727.587,-128.548776584367
727.912,9.11763097345829
728.237,159.784038546185
728.562,163.450446111461
728.887,73.1168536841869
729.212,112.783261249463
729.537,70.4496688147386
729.863,149.116076380014
730.188,67.7824839527409
730.513,159.78222485135
730.838,76.4486324240764
731.163,85.1150399819017
731.487,109.114780887961
731.812,201.781188453237
732.137,46.4475960259636
732.462,-5.88599640130997
732.787,-20.2195888434847
733.112,157.780152062575
733.437,209.446559627851
733.762,184.446300533911
734.087,259.779374765853
734.412,256.779115664462
734.736,197.112189896405
735.061,62.7785974691311
735.386,74.1116717010737
735.711,161.7780792738
736.036,117.111153498292
736.360,97.444227737685
736.685,77.4439686362942
737.010,231.777042875687
737.335,100.776783774296
737.659,144.443191339572
737.984,105.109598904848
738.309,231.109339810908
738.633,201.775747376184
738.958,103.108821615577
739.283,204.441895840069
739.607,156.774970079462
739.932,145.108044311404
740.257,-20.2255481158693
740.581,61.7741927752892
740.906,146.440600348016
741.230,154.440341246625
741.555,28.4400821526845
741.879,-1.56017694870633
742.204,42.1062306165695
742.528,86.439304848512
742.853,6.43904575457174
743.177,-5.22788000603515
743.502,98.4385275592406
743.826,188.104935124517
744.151,182.438009356459
744.475,154.437750262519
744.800,261.437491161128
745.124,267.103898733854
745.448,159.436972958346
745.773,159.103380531073
746.097,179.769788096348
746.421,240.436195669075
746.746,111.435936567684
747.070,139.769010799626
747.394,191.768751698236
747.719,194.768492604295
748.043,149.768233502905
748.367,153.767974408964
748.691,189.767715300123
749.016,76.4341228728493
749.340,-67.8994695618749
749.664,-76.8997286558151
749.988,225.100012242794
750.312,273.099753141403
750.637,273.099494040012
750.961,275.432568279405
751.285,386.098975844681
751.609,417.098716750741
751.933,233.765124308566
752.257,183.098198547959
752.581,185.431272779902
752.905,174.764347019295
753.229,81.0974212512374
753.553,42.0971621498466
753.878,171.430236381789
754.202,165.763310621182
754.526,115.763051527242
754.850,-16.9038742408156
755.173,27.7625333244602
755.497,7.76227422306937
755.821,34.7620151291291
756.145,-38.2382439722617
756.469,145.428163593014
756.793,108.427904491623
757.117,149.09431206435
757.441,181.427386296292
757.765,202.427127202352
758.089,197.426868100961
758.412,74.7599423329036
758.736,122.426349898179
759.060,232.759424137572
759.384,208.759165036182
759.708,182.092239268124
760.031,230.7586468334
760.355,328.425054406126
760.679,286.424795304736
761.003,185.091202877462
761.326,204.424277101954
761.650,226.09068467468
761.974,185.423758906623
762.297,135.756833146016
762.621,281.756574044625
762.945,482.089648276567
763.268,358.42272250851
763.592,191.42246341457
763.916,176.088870979846
764.239,377.088611885905
764.563,321.088352777064
764.886,111.75476034979
765.210,11.4211679225167
765.533,177.087575487793
765.857,87.0873163938522
766.180,72.4203906183441
766.504,21.7534648577372
766.827,236.753205756346
767.151,262.419613329073
767.474,160.086020894349
767.798,98.0857617929578
768.121,121.4188360249
768.445,65.7519102642934
768.768,19.4183178295692
769.091,10.7513920689622
769.415,213.084466293454
769.738,243.417540532847
770.061,115.083948098123
770.385,225.750355670849
770.708,198.083429902792
771.031,238.416504134735
771.355,-4.25042163332302
771.678,185.415985939403
772.001,263.415726838013
772.324,230.748801077406
772.648,102.415208635231
772.971,145.748282874624
773.294,264.748023773233
773.617,219.747764679293
773.940,150.747505577902
774.264,245.080579809845
774.587,413.413654041787
774.910,366.413394947847
775.233,140.746469179789
775.556,145.412876745065
775.879,195.745950977008
776.202,277.079025216401
776.525,141.07876612246
776.848,139.745173687736
777.171,234.744914586345
777.494,160.411322151621
777.817,29.7443963910143
778.140,-60.9225293770433
778.463,69.7438781956832
778.786,45.0769524201751
779.109,76.7433599929015
779.432,28.076434224844
779.755,198.74284179757
780.078,53.4092493628462
780.401,-47.5910097385446
780.724,-123.591268839935
781.047,0.075138732790947
781.370,-81.2584537019332
781.692,-149.92537946254
782.015,-169.925638571382
782.338,45.4074356680115
782.661,45.740509899954
782.984,21.0735841393471
783.306,11.4066583712896
783.629,273.406399269899
783.952,281.739473501841
784.275,238.072547741234
784.597,124.405621973177
784.920,189.73869621257
785.243,188.071770437062
785.565,117.738178009788
785.888,366.404585575064
786.211,565.404326481124
786.533,544.737400713066
786.856,154.737141611675
787.179,102.403549184402
787.501,283.403290083011
787.824,303.403030989071
788.146,212.40277188768
788.469,113.402512786289
788.791,302.068920351565
789.114,175.735327924291
789.436,44.4017354895671
789.759,-41.9318569377065
790.081,33.4012172867855
790.404,30.4009581928452
790.726,19.4006990914544
791.049,-5.59956000248593
791.371,210.400180896123
791.694,50.7332551280658
792.016,-31.6003373066584
792.338,-146.267263067265
792.661,119.065811164677
792.983,155.732218737404
793.305,105.065292961895
793.628,100.731700534622
793.950,272.731441433231
794.272,228.731182339291
794.595,19.7309232304494
794.917,-79.6026691968243
795.239,119.730405035118
795.561,132.396812607845
795.884,97.0632201731205
796.206,75.7296277383964
796.528,116.062701970339
796.850,91.7291095430653
797.172,-51.2711495583256
797.494,5.06192467734218
797.817,14.3949989092847
798.139,-33.9385935217142
798.461,-104.272185948988
798.783,2.39422161628804
799.105,191.060629185289
799.427,196.393703417232
799.749,36.0601109825075
800.071,-4.27348144849142
800.393,141.059592787176
800.715,173.392667019119
801.037,54.05907458812
801.359,4.7254821533958
801.681,83.3918897223969
802.003,214.724963958065
802.325,96.7247048566739
802.647,98.391112425675
802.969,90.3908533242841
803.291,95.0572608932853
803.613,44.7236684660117
803.935,-68.2765906353791
804.256,68.0564836002886
804.578,132.722891165564
804.900,155.722632067899
805.222,-10.2776270297666
805.544,-12.2778861311575
805.866,-94.9448118954897
806.187,-64.6117376635472
806.509,-94.9453300945461
806.831,40.0544108077884
807.153,33.0541517063975
807.474,-46.946107391268
807.796,-4.2796998259922
808.118,94.7200410763423
808.439,188.053115308285
808.761,-4.28047712271413
809.083,-16.2807362203797
809.404,-27.6143286551038
809.726,98.718745580564
810.047,74.0518198125064
810.369,-21.9484392851591
810.691,168.051301617175
811.012,115.051042515785
811.334,201.384116751452
811.655,136.383857650061
811.977,271.716931885729
812.298,256.050006121397
812.620,66.7164136866729
812.941,-7.61717874432603
813.263,32.0492288209498
813.584,136.382303056618
813.906,83.382043958952
814.227,266.715118190895
814.548,404.381525763621
814.870,432.047933328897
815.191,264.047674231231
815.513,52.0474151298404
815.834,175.047156032175
816.155,91.3802302678426
816.477,180.046637833118
816.798,106.046378735453
817.119,184.046119634062
817.440,230.045860536397
817.762,140.378934772064
818.083,160.04534233734
818.404,41.0450832396746
818.725,82.7114908049504
819.047,69.7112317072849
819.368,145.710972609619
819.689,191.377380174895
820.010,177.043787743896
820.331,45.0435286425054
820.652,45.3766028781732
820.974,107.376343780508
821.295,161.70941801245
821.616,93.0424922481179
821.937,11.7088998133937
822.258,12.3753073823949
822.579,52.7083816180626
822.900,-9.95854414999485
823.221,-43.6254699143271
823.542,109.040937650949
823.863,124.040678553283
824.184,141.040419455618
824.505,37.0401603542268
824.826,71.3732345898946
825.147,15.7063088218371
825.468,-26.6272836054365
825.789,84.0391239598393
826.110,218.70553152884
826.430,228.371939097842
826.751,111.705013329784
827.072,108.371420898785
827.393,113.704495130728
827.714,94.3709026997288
828.035,-25.2960230646034
828.355,75.0370511673391
828.676,222.036792069674
828.997,328.036532968283
829.318,199.036273870617
829.638,143.369348106285
829.959,230.035755671561
830.280,326.368829907229
830.601,152.701904139171
830.921,115.034978374839
831.242,95.70138594384
831.563,204.367793509116
831.883,127.034201078117
832.204,28.3672753100594
832.524,86.0336828790605
832.845,98.3667571147283
833.166,135.366498013337
833.486,612.032905582339
833.807,670.032646480948
834.127,634.699054049949
834.448,27.0321282818913
834.768,13.6985358508925
835.089,51.3649434198936
835.409,86.3646843185027
835.730,34.6977585541705
836.050,71.6974994546424
836.371,185.697240358839
836.691,162.363647925978
837.011,40.3633888245871
837.332,37.0297963935882
837.652,155.696203960727
837.973,215.362611527865
838.293,161.029019095004
838.613,84.0287599954754
838.934,104.361834233006
839.254,69.0282418001443
839.574,-17.9720172993839
839.894,-43.6389430655787
840.215,56.6941311682264
840.535,30.3605387372275
840.855,-35.3063870289673
841.175,-104.306646128496
841.496,46.6930947719763
841.816,143.359502339115
842.136,204.359243239587
842.456,126.358984141921
842.776,145.358725042393
843.096,10.6917992761979
843.417,-35.6417931566636
843.737,12.6912810771416
844.057,11.691021979476
844.377,19.6907628818105
844.697,-158.309496217718
845.017,8.69024468275407
845.337,63.6899855832259
845.657,86.023059817031
845.977,-140.643865947301
846.297,-82.310791713496
846.617,8.35561585364243
846.937,65.6886900874476
847.257,102.688430987919
847.577,85.3548385569205
847.897,192.687912790726
848.217,62.6876536911974
848.536,38.0207279250026
848.856,23.687135492141
849.176,227.686876394476
849.496,174.686617294947
849.816,193.019691530615
850.136,24.0194324310869
850.455,196.352506664892
850.775,55.6855808986972
851.095,118.018655134365
851.415,18.3517293681701
851.735,131.351470268642
852.054,-22.6487888308863
852.374,-40.9823812637478
852.694,32.6840263052533
853.013,256.350433872392
853.333,235.01684143953
853.653,208.683249006669
853.972,95.3496565738072
854.292,464.016064140946
854.612,364.01580504328
854.931,355.348879277085
855.251,60.3486201794197
855.570,277.015027745627
855.890,182.681435313697
856.209,183.347842880835
856.529,90.3475837831696
856.848,287.680658016975
857.168,220.680398917447
857.487,132.013473152183
857.807,49.0132140526548
858.126,203.679621619793
858.446,181.679362521196
858.765,137.345770088335
859.085,157.012177656405
859.404,201.678585224474
859.723,151.01165945828
860.043,-10.6552663069839
860.362,67.6778079268212
860.681,236.34421549396
861.001,232.010623062029
861.320,162.010363962501
861.639,110.343438197238
861.959,204.343179098641
862.278,148.009586665779
862.597,71.3426609005158
862.916,95.0090684676543
863.236,123.342142701459
863.555,133.675216936196
863.874,92.008291170001
864.193,148.341365403806
864.512,272.674439638543
864.831,263.67418053948
865.151,149.340588107084
865.470,294.673662341821
865.789,310.006736576092
866.108,335.67314414323
866.427,65.0062183775008
866.746,12.0059592789039
867.065,143.339033513175
867.384,128.338774413647
867.703,169.005181981251
868.022,68.3382562159871
868.341,214.004663783591
868.660,134.337738017396
868.979,61.3374789183339
869.298,16.3372198192713
869.617,156.003627386875
869.936,211.003368288046
870.255,149.669775855417
870.573,110.002850089921
870.892,213.335924323959
871.211,88.6689985584623
871.530,-12.6645938741664
871.849,-11.3315196398956
872.168,133.334887927709
872.486,177.667962161979
872.805,99.3343697295835
873.124,209.334110630521
873.443,354.667184864792
873.761,311.000259099063
874.080,180.666666666667
874.399,-9
874.718,156
875.036,96
875.355,52
875.674,-37.6666666666667
875.992,77.3333333333333
876.311,104.666666666667
876.629,-87.3333333333333
876.948,-97.3333333333333
877.267,-41.6666666666667
877.585,15.6666666666667
877.904,-122.666666666667
878.222,-88.6666666666667
878.541,132.333333333333
878.859,283.666666666667
879.178,262.333333333333
879.496,224.666666666667
879.815,252.333333333333
880.133,199
880.452,-10
880.770,-92
881.088,-18.3333333333333
881.407,166.666666666667
881.725,66.6666666666667
882.043,60.3333333333333
882.362,-36.6666666666667
882.680,-74.6666666666667
882.998,-142.333333333333
883.317,-81.6666666666667
883.635,226.666666666667
883.953,235
884.271,277.333333333333
884.590,208
884.908,277.666666666667
885.226,166
885.544,-13.6666666666667
885.863,-7.33333333333333
886.181,140
886.499,291.333333333333
886.817,206.333333333333
887.135,137
887.453,109
887.771,128.666666666667
888.089,71.6666666666667
888.407,139.666666666667
888.725,219
889.043,146.333333333333
889.361,15.6666666666667
889.679,72.3333333333333
889.997,255.666666666667
890.315,274
890.633,141
890.951,152.333333333333
891.269,116.666666666667
891.587,15.6666666666667
891.905,-177
892.223,-49
892.541,114
892.859,139.333333333333
893.176,-33
893.494,10
893.812,244.666666666667
894.130,336
894.448,256.666666666667
894.765,98
895.083,66.3333333333333
895.401,-16.3333333333333
895.719,-129.333333333333
896.036,-38.3333333333333
896.354,101.666666666667
896.672,185.666666666667
896.989,-70.3333333333333
897.307,-107.333333333333
897.625,0.333333333333329
897.942,133.666666666667
898.260,37.6666666666667
898.577,41
898.895,51.6666666666667
899.213,86
899.530,-52
899.848,35.3333333333333
900.165,246.333333333333
900.483,296.333333333333
900.800,349.666666666667
901.118,203.333333333333
901.435,181.666666666667
901.752,148.333333333333
902.070,114.666666666667
902.387,136.666666666667
902.705,115
903.022,69
903.339,43.6666666666667
903.657,77.3333333333333
903.974,269.666666666667
904.291,196.666666666667
904.609,55
904.926,31
905.243,173.333333333333
905.560,177
905.878,50.3333333333333
906.195,69.3333333333333
906.512,210.666666666667
906.829,151.333333333333
907.146,186
907.464,180.666666666667
907.781,350.666666666667
908.098,147.333333333333
908.415,52.3333333333333
908.732,32.3333333333333
909.049,167
909.366,70
909.683,-86.3333333333333
910.000,-26.6666666666667
910.317,119.333333333333
910.634,156.666666666667
910.951,47.6666666666667
911.268,53.3333333333333
911.585,305.333333333333
911.902,313.666666666667
912.219,329.666666666667
912.536,166.333333333333
912.853,199.666666666667
913.170,86.3333333333333
913.487,-42
913.804,-34.6666666666667
914.121,97
914.437,141
914.754,25
915.071,60.3333333333333
915.388,234.666666666667
915.705,327.333333333333
916.021,98.6666666666667
916.338,45.3333333333333
916.655,103.666666666667
916.972,168
917.288,149
917.605,122.666666666667
917.922,256
918.238,70.3333333333333
918.555,-68.3333333333333
918.872,-185
919.188,18.6666666666667
919.505,70
919.821,62.3333333333333
920.138,122.333333333333
920.454,208.666666666667
920.771,440
921.088,339
921.404,334.666666666667
921.721,226
922.037,179.666666666667
922.353,118
922.670,72
922.986,77.3333333333333
923.303,117.666666666667
923.619,-8.66666666666666
923.936,57.6666666666667
924.252,42
924.568,48.6666666666667
924.885,-67.6666666666667
925.201,-1.66666666666667
925.517,192
925.834,236.666666666667
926.150,170.666666666667
926.466,234
926.782,273
927.099,224.666666666667
927.415,-5.66666666666667
927.731,-3.33333333333333
928.047,130.333333333333
928.363,124.333333333333
928.679,107
928.996,91.6666666666667
929.312,171
929.628,139
929.944,-39.3333333333333
930.260,-59.3333333333333
930.576,73.6666666666667
930.892,140
931.208,58
931.524,48.3333333333333
931.840,154.333333333333
932.156,185.333333333333
932.472,2.33333333333334
932.788,38.6666666666667
933.104,169.333333333333
933.420,207.666666666667
933.736,70
934.052,77.6666666666667
934.368,209.333333333333
934.684,309.333333333333
934.999,213.333333333333
935.315,164.333333333333
935.631,274.666666666667
935.947,215
936.263,103
936.578,-23.6666666666667
936.894,186
937.210,160
937.526,82.3333333333333
937.841,91.6666666666667
938.157,184.333333333333
938.473,162.333333333333
938.788,22
939.104,122.333333333333
939.420,383
939.735,318
940.051,165
940.367,-55.6666666666667
940.682,101.666666666667
940.998,121.333333333333
941.313,23.3333333333333
941.629,-35
941.944,136
942.260,184
942.575,41.6666666666667
942.891,-117.333333333333
943.206,-19.6666666666667
943.522,57.3333333333333
943.837,-22
944.153,66.6666666666667
944.468,201
944.783,212.666666666667
945.099,20.6666666666667
945.414,-81
945.729,167.333333333333
946.045,160.333333333333
946.360,111
946.675,185.666666666667
946.991,442.333333333333
947.306,366.333333333333
947.621,96.6666666666667
947.936,-44.6666666666667
948.252,175.333333333333
948.567,149.666666666667
948.882,3
949.197,-151
949.512,-82.3333333333333
949.827,-63.6666666666667
950.142,-106.666666666667
950.458,94.6666666666667
950.773,183.666666666667
951.088,232.666666666667
951.403,-20
951.718,63.6666666666667
952.033,149.666666666667
952.348,117
952.663,-29.6666666666667
952.978,32.6666666666667
953.293,125.666666666667
953.608,114.666666666667
953.923,-17.6666666666667
954.238,-59
954.553,94.6666666666667
954.867,4.66666666666667
955.182,-58
955.497,-72
955.812,88
956.127,127.333333333333
956.442,1.66666666666666
956.757,11
957.071,175.333333333333
957.386,182.666666666667
957.701,128.333333333333
958.016,71.6666666666667
958.330,212.333333333333
958.645,186.333333333333
958.960,133.333333333333
959.274,118.666666666667
959.589,149.666666666667
959.904,71.3333333333333
960.218,-2.33333333333334
960.533,68.6666666666667
960.848,174.666666666667
961.162,129
961.477,-8.33333333333334
961.791,-34.6666666666667
962.106,144
962.420,175
962.735,25
963.049,32.3333333333333
963.364,113.333333333333
963.678,245.333333333333
963.993,-19
964.307,64
964.622,112.333333333333
964.936,204.666666666667
965.250,-11.3333333333333
965.565,-47
965.879,48
966.193,56.6666666666667
966.508,50.3333333333333
966.822,0.333333333333336
967.136,140
967.451,114
967.765,85
968.079,81.6666666666667
968.393,224
968.708,221.666666666667
969.022,130.666666666667
969.336,182.333333333333
969.650,284.666666666667
969.964,214.666666666667
970.278,-26.6666666666667
970.592,16.6666666666667
970.907,213
971.221,197
971.535,-21.3333333333333
971.849,12
972.163,92.3333333333333
972.477,46.3333333333333
972.791,-41
973.105,29
973.419,305.666666666667
973.733,226
974.047,89
974.361,38.6666666666667
974.675,121.666666666667
974.989,129.333333333333
975.302,165
975.616,83
975.930,257.333333333333
976.244,563.333333333333
976.558,638
976.872,537
977.185,305.333333333333
977.499,217.666666666667
977.813,128
978.127,82.6666666666667
978.441,223.666666666667
978.754,251.333333333333
979.068,-1
979.382,-148.666666666667
979.695,149.333333333333
980.009,157
980.323,174.333333333333
980.636,33.3333333333333
980.950,122.333333333333
981.263,125.333333333333
981.577,-111.333333333333
981.891,10
982.204,123.333333333333
982.518,147.666666666667
982.831,-30.3333333333333
983.145,-44
983.458,44.6666666666667
983.772,-32.6666666666667
984.085,-135
984.399,-42
984.712,164.666666666667
985.025,150.333333333333
985.339,35.6666666666667
985.652,-9
985.965,148
986.279,136
986.592,3
986.905,-49.6666666666667
987.219,164
987.532,195.666666666667
987.845,64.3333333333333
988.159,39.3333333333333
988.472,166.333333333333
988.785,230.666666666667
989.098,127.666666666667
989.411,112
989.725,202
990.038,125
990.351,-3.33333333333333
990.664,37.3333333333333
990.977,142.666666666667
991.290,153.666666666667
991.603,-17
991.916,-25.6666666666667
992.229,106.666666666667
992.542,159.333333333333
992.855,32.6666666666667
993.168,80.6666666666667
993.481,323.666666666667
993.794,295.333333333333
994.107,177.666666666667
994.420,48.3333333333333
994.733,156.333333333333
995.046,65
995.359,-161.666666666667
995.672,-65.3333333333333
995.985,144
996.298,236.666666666667
996.610,76.3333333333333
996.923,55
997.236,128.333333333333
997.549,237.666666666667
997.862,160
998.174,134.666666666667
998.487,138
998.800,133.333333333333
999.113,96.6666666666667
999.425,62.6666666666667
999.738,152.666666666667
1000.051,123.666666666667
1000.363,-28.6666666666667
1000.676,1
1000.988,106
1001.301,168.333333333333
1001.614,-33.3333333333333
1001.926,-52.3333333333333
1002.239,25
1002.551,158.666666666667
1002.864,-43.3333333333333
1003.176,58.6666666666667
1003.489,49.3333333333333
1003.801,225.333333333333
1004.114,54
1004.426,60.3333333333333
1004.738,87.3333333333333
1005.051,118
1005.363,-32
1005.676,-18.3333333333333
1005.988,65
1006.300,17
1006.613,-41.6666666666667
1006.925,-52
1007.237,219
1007.550,92
1007.862,-38.6666666666667
1008.174,-68.6666666666667
1008.486,186
1008.799,278.666666666667
1009.111,65
1009.423,49
1009.735,148
1010.047,220.666666666667
1010.359,61.6666666666667
1010.671,87.6666666666667
1010.984,286.333333333333
1011.296,337.333333333333
1011.608,193.666666666667
1011.920,157
1012.232,230.666666666667
1012.544,188.666666666667
1012.856,21.3333333333333
1013.168,99.3333333333333
1013.480,243.666666666667
1013.792,232.666666666667
1014.104,-12.3333333333333
1014.416,-63.3333333333333
1014.728,115
1015.039,107.333333333333
1015.351,66.3333333333333
1015.663,79
1015.975,305.333333333333
1016.287,221.333333333333
1016.599,36.3333333333333
1016.911,55.3333333333333
1017.222,254.333333333333
1017.534,226
1017.846,-17.3333333333333
1018.158,-38.6666666666667
1018.469,83.6666666666667
1018.781,145.666666666667
1019.093,-88.3333333333333
1019.404,6.66666666666667
1019.716,98.6666666666667
1020.028,133
1020.339,-70.6666666666667
1020.651,-51.6666666666667
1020.963,273.333333333333
1021.274,221.333333333333
1021.586,78
1021.897,-90.6666666666667
1022.209,201.333333333333
1022.520,173.666666666667
1022.832,116.333333333333
1023.143,-35.3333333333333
1023.455,71
1023.766,56.3333333333333
1024.078,-62
1024.389,8.66666666666667
1024.700,179
1025.012,177.333333333333
1025.323,30
1025.635,-42
1025.946,261.333333333333
1026.257,224
1026.569,110
1026.880,37.6666666666667
1027.191,79.6666666666667
1027.502,156
1027.814,-35.3333333333333
1028.125,-26.3333333333333
1028.436,-8.66666666666666
1028.747,21.6666666666667
1029.059,-33
1029.370,42
1029.681,145.333333333333
1029.992,145
1030.303,-13.6666666666667
1030.614,-64.3333333333333
1030.925,179
1031.236,96.6666666666667
1031.547,99.6666666666667
1031.858,18.3333333333333
1032.169,323
1032.480,197.333333333333
1032.791,119
1033.102,37
1033.413,244.333333333333
1033.724,235.333333333333
1034.035,122.666666666667
1034.346,171.666666666667
1034.657,272.666666666667
1034.968,288.333333333333
1035.279,15.6666666666667
1035.590,166
1035.901,269.666666666667
1036.211,341
1036.522,45.3333333333333
1036.833,-77.6666666666667
1037.144,24.6666666666667
1037.454,46.6666666666667
1037.765,-36.3333333333333
1038.076,-28.6666666666667
1038.387,81
1038.697,151
1039.008,28
1039.319,12
1039.629,154.333333333333
1039.940,193
1040.250,102.666666666667
1040.561,156.666666666667
1040.872,266
1041.182,213
1041.493,-11
1041.803,78.6666666666667
1042.114,298.333333333333
1042.424,415
1042.735,283.666666666667
1043.045,367.666666666667
1043.356,410.333333333333
1043.666,224.333333333333
1043.977,14.6666666666667
1044.287,-35
1044.597,231
1044.908,129
1045.218,76.6666666666667
1045.528,-13.6666666666667
1045.839,259
1046.149,178.666666666667
1046.459,101.666666666667
1046.770,-16
1047.080,55.6666666666667
1047.390,67.3333333333333
1047.700,-4.66666666666667
1048.010,128
1048.321,211.333333333333
1048.631,138.333333333333
1048.941,-60.3333333333333
1049.251,-94.3333333333333
1049.561,59.3333333333333
1049.871,-49
1050.181,-183
1050.491,-245.666666666667
1050.802,50
1051.112,127.666666666667
1051.422,106.333333333333
1051.732,46
1052.042,149.333333333333
1052.352,36.3333333333333
1052.662,-111.666666666667
1052.972,-65.6666666666667
1053.281,133.666666666667
1053.591,109.333333333333
1053.901,-39.3333333333333
1054.211,58
1054.521,251
1054.831,266.666666666667
1055.141,89.6666666666667
1055.451,108.666666666667
1055.760,368
1056.070,733.333333333333
1056.380,648.666666666667
1056.690,547.666666666667
1056.999,309
1057.309,354.666666666667
1057.619,215.333333333333
1057.928,232.333333333333
1058.238,297.666666666667
1058.548,329
1058.857,296
1059.167,191
1059.477,393.333333333333
1059.786,244
1060.096,219
1060.405,138.666666666667
1060.715,356
1061.024,414
1061.334,221.333333333333
1061.643,133
1061.953,187.333333333333
1062.262,135.333333333333
1062.572,51.6666666666667
1062.881,30.6666666666667
1063.191,208.333333333333
1063.500,181.333333333333
1063.809,-32
1064.119,45.6666666666667
1064.428,151.333333333333
1064.738,151
1065.047,-87.3333333333333
1065.356,-122
1065.665,7.33333333333333
1065.975,90.3333333333333
1066.284,35.3333333333333
1066.593,129
1066.902,255
1067.212,263.666666666667
1067.521,82.3333333333333
1067.830,32.6666666666667
1068.139,109.666666666667
1068.448,237.333333333333
1068.757,147
1069.066,126.333333333333
1069.376,123.666666666667
1069.685,-60.3333333333333
1069.994,-103.333333333333
1070.303,83.3333333333333
1070.612,365
1070.921,313.666666666667
1071.230,32.3333333333333
1071.539,-42.6666666666667
1071.848,86
1072.157,50.3333333333333
1072.465,64
1072.774,111.333333333333
1073.083,275
1073.392,124
1073.701,-35.6666666666667
1074.010,-80
1074.319,177.666666666667
1074.628,186.666666666667
1074.936,109
1075.245,92.6666666666667
1075.554,232.666666666667
1075.863,149
1076.171,5.33333333333333
1076.480,83.6666666666667
1076.789,340
1077.097,334.666666666667
1077.406,45
1077.715,-42
1078.023,115.333333333333
1078.332,164.666666666667
1078.641,-28.6666666666667
1078.949,-105
1079.258,-7.66666666666667
1079.566,53.6666666666667
1079.875,-69
1080.183,-11.6666666666667
1080.492,199.333333333333
1080.800,117.333333333333
1081.109,-82.6666666666667
1081.417,-118.666666666667
1081.726,88.6666666666667
1082.034,98
1082.342,2.33333333333334
1082.651,138.333333333333
1082.959,269
1083.268,173.333333333333
1083.576,82
1083.884,215.666666666667
1084.192,445.666666666667
1084.501,321.666666666667
1084.809,83
1085.117,58
1085.426,277.666666666667
1085.734,240
1086.042,97.3333333333333
1086.350,-21.3333333333333
1086.658,81.6666666666667
1086.966,25.6666666666667
1087.275,-80.6666666666667
1087.583,-4
1087.891,146.666666666667
1088.199,191.666666666667
1088.507,46.3333333333333
1088.815,161
1089.123,196.666666666667
1089.431,194.666666666667
1089.739,-61.3333333333333
1090.047,48.6666666666667
1090.355,293.333333333333
1090.663,291.666666666667
1090.971,81.3333333333333
1091.279,-75.3333333333333
1091.587,142.333333333333
1091.895,277.333333333333
1092.203,255
1092.510,105.333333333333
1092.818,185.666666666667
1093.126,117.333333333333
1093.434,110.666666666667
1093.742,113.333333333333
1094.049,280.333333333333
1094.357,189.333333333333
1094.665,64
1094.973,121.333333333333
1095.280,252.666666666667
1095.588,131.333333333333
1095.896,-112
1096.203,50
1096.511,326
1096.819,492.333333333333
1097.126,220.333333333333
1097.434,49.3333333333333
1097.741,-2.33333333333333
1098.049,-1
1098.357,-98.3333333333333
1098.664,-19
1098.972,143.333333333333
1099.279,102
1099.587,38.6666666666667
1099.894,121.333333333333
1100.202,329
