Wavelength [nm],Intensity
181.232,263.978949069977
181.576,150.977445432916
181.919,87.5651711101333
182.263,-23.500988950332
182.607,62.9977445432451
182.950,-66.7316006422043
183.294,90.1526192426682
183.637,102.233341423174
183.981,131.696739422778
184.325,57.416033414503
184.668,39.4929965088765
185.012,22.6020102376739
185.355,114.673907299836
185.699,-49.2576771775881
186.043,-70.4328509966532
186.386,85.1217946633697
186.730,221.455879812439
187.073,234.52955806752
187.417,-18.1070358504852
187.760,-53.5944920505087
188.104,41.5719374815623
188.447,119.024058204144
188.791,77.8831905225913
189.134,-39.481719220678
189.478,-50.260406901439
189.821,55.1902101933956
190.165,41.7145055135091
190.508,17.8907086948554
190.851,-3.28521692504486
191.195,73.0842037200928
191.538,77.5024925967058
191.882,52.6513527532419
192.225,111.086181620757
192.569,232.973408768574
192.912,280.476930742462
193.255,360.514521678289
193.599,282.310501217842
193.942,251.342077583075
194.285,49.1917138248682
194.629,92.1112691983581
194.972,261.466405277451
195.315,318.214268401265
195.659,208.984686086575
196.002,169.7681622232
196.345,196.543368371824
196.688,264.244618703922
197.032,103.997744543245
197.375,165.765154945354
197.718,109.167655616999
198.061,103.921533296506
198.405,-17.3366181651751
198.748,66.8403368244569
199.091,144.167181362708
199.434,147.800767987967
199.777,-16.238604148229
200.121,39.1165319308639
200.464,65.3303260578153
200.807,102.694483966256
201.150,-39.3190487738078
201.493,13.6726812177027
201.836,107.405507949491
202.180,160.404756133755
202.523,70.4055079494913
202.866,138.868154148261
203.209,140.247348427773
203.552,43.4325734277566
203.895,-95.4182888691624
204.238,-89.4243034248551
204.581,87.1293128579855
204.924,206.864395047228
205.267,172.641856643061
205.610,187.843621656299
205.953,193.968423604965
206.296,143.381449741622
206.639,20.7463594699899
206.982,-35.2265750517448
207.325,45.5787038529913
207.668,5.61403934160868
208.011,-87.0829776426156
208.354,-85.6714551448822
208.697,47.4360549747944
209.040,84.5458205342293
209.383,34.4653759002686
209.726,33.7378119130929
210.069,76.3353112339973
210.412,143.84860684971
210.755,55.100743740797
211.097,120.860635946194
211.440,204.112021014094
211.783,215.617046619455
212.126,63.0315763950348
212.469,103.021050930023
212.812,216.012029102072
213.154,360.118787385523
213.497,206.802745888631
213.840,266.583689024051
214.183,316.338318526745
214.526,278.63857181867
214.868,162.08542979757
215.211,75.8144974311193
215.554,178.355610340834
215.897,182.199983820319
216.239,44.8320668290059
216.582,105.152619242668
216.925,77.3994933937987
217.268,121.301756938299
217.610,-28.7298194567363
217.953,72.0533791407943
218.296,159.800490433971
218.638,86.57090810438
218.981,-75.8829938073953
219.324,-42.4421503543854
219.666,125.455602258444
220.009,263.679921855529
220.351,271.826052273313
220.694,307.304764214282
221.037,319.115028291941
221.379,194.822293187181
221.722,122.030072756112
222.064,111.997744543245
222.407,236.690724870811
222.750,117.821541349093
223.092,-32.7797170728445
223.435,-23.737615197897
223.777,178.227049306035
224.120,302.737337643902
224.462,219.402500671645
224.805,177.133823767304
225.147,189.750118563573
225.490,272.976693613455
225.832,290.372427919259
226.175,367.402500671645
226.517,340.938350852579
226.859,229.600506606201
227.202,52.0060145510361
227.544,43.455127996703
227.887,94.249603882432
228.229,30.931306908528
228.571,-91.4275882641475
228.914,-80.4539019117753
229.256,1.38144974162181
229.599,151.93684720993
229.941,-0.0969846397638321
230.283,89.8180598169565
230.626,106.313786040371
230.968,271.799738610784
231.310,203.847103203336
231.653,248.98769334952
231.995,272.260881155729
232.337,251.419040692349
232.679,43.0894664525986
233.022,147.549105366071
233.364,437.513769870003
233.706,450.751622202496
234.048,250.834322283665
234.391,159.817030454675
234.733,333.381449741622
235.075,482.021050930023
235.417,470.346866074329
235.759,494.455127996703
236.102,417.800490433971
236.444,218.273939640572
236.786,35.23409323891
237.128,73.4190406923493
237.470,185.402500671645
237.812,168.202516843875
238.154,-12.3498733484497
238.497,-2.50126650432745
238.839,144.370924280336
239.181,189.940606307238
239.523,219.777935865025
239.865,200.821541349093
240.207,238.354384263357
240.549,160.258151439329
240.891,2.48021557430426
241.233,249.848132580519
241.575,380.091721907258
241.917,306.866650486986
242.259,-58.6223093519608
242.601,-35.0112772835419
242.943,172.76590676109
243.285,308.199983820319
243.627,197.245092958212
243.969,113.891460518042
244.311,220.572411735853
244.653,206.237574771047
244.995,207.756133119265
245.337,270.632082997511
245.679,367.696739422778
246.021,523.696739422778
246.362,373.387464297314
246.704,404.121042847633
247.046,309.654637564595
247.388,334.117283754051
247.730,74.7250309785207
248.072,78.0155106286208
248.414,130.225545674562
248.755,116.919277826945
249.097,60.6701482137044
249.439,94.6310536464055
249.781,345.519032602509
250.123,294.837329561512
250.464,39.4145297755798
250.806,-39.7305712724725
251.148,156.682454864184
251.490,300.12405012548
251.831,143.201487481594
252.173,24.7944758782784
252.515,51.1709404488405
252.856,73.1604149838289
253.198,25.0436054952443
253.540,-10.8729426115751
253.881,112.216523855925
254.223,187.508507152398
254.565,155.358895176401
254.906,135.078189171851
255.248,291.210509300232
255.590,352.518280779322
255.931,211.459638913473
256.273,153.526550789674
256.614,194.061649147421
256.956,256.579455676178
257.298,96.0443573147059
257.639,184.886949593822
257.981,255.339822143316
258.322,280.956868777672
258.664,32.7944758782784
259.005,22.5310617138942
259.347,166.292457580566
259.688,249.840336824457
260.030,228.807256797949
260.371,126.680199407662
260.713,136.884219892323
261.054,58.7606440360347
261.396,28.9328105549018
261.737,12.1781810820103
262.079,99.6553893831248
262.420,119.933839939535
262.761,40.2919832927485
263.103,33.9413581229746
263.444,114.974438156933
263.786,267.930080845952
264.127,114.869183510542
264.468,58.1574077059825
264.810,96.4381137142579
265.151,290.310026946788
265.492,267.795979524652
265.834,314.328070600828
266.175,429.261910532912
266.516,416.228830498954
266.858,202.535098354022
267.199,54.6809512261922
267.540,57.8606359461943
267.881,35.9651387731234
268.223,-71.8654244244099
268.564,-16.4325734277566
268.905,102.078189171851
269.246,197.717512806257
269.588,98.6791700323423
269.929,55.8877014319102
270.270,171.952357868354
270.611,221.452872534593
270.952,136.906774453819
271.294,228.169911071658
271.635,234.0726488928
271.976,325.199983820319
272.317,121.337092427847
272.658,227.667418485546
272.999,197.220560496052
273.340,139.179210459193
273.681,-86.8586580455303
274.023,133.974160591761
274.364,263.871161411206
274.705,383.779439503948
275.046,113.437836167713
275.387,127.407011580964
275.728,269.921810828149
276.069,223.611032067488
276.410,311.142093777657
276.751,336.578426291545
277.092,578.251107513905
277.433,302.977919707696
277.774,192.813745607932
278.115,263.792694677909
278.456,501.510762592157
278.797,488.702753974746
279.138,259.781694958607
279.479,268.5754190286
279.820,392.888453255097
280.160,567.647871193166
280.501,488.885723523796
280.842,554.399493393799
281.183,583.519032602509
281.524,685.485952576002
281.865,743.993707875411
282.206,770.116254369418
282.546,819.818534086148
282.887,665.328822419824
283.228,517.057138238102
283.569,364.858380491535
283.910,324.663381834825
284.251,270.242085695267
284.591,199.70726488779
284.932,175.850388035178
285.273,385.949628129602
285.614,337.912511448065
285.954,224.270654827356
286.295,176.756133119265
286.636,401.204494744539
286.976,432.431544065475
287.317,393.168129901091
287.658,416.763373752435
287.999,587.354384263357
288.339,394.499011049668
288.680,186.372427919259
289.020,183.517528971036
289.361,335.609250863393
289.702,303.001226077477
290.042,122.663381834825
290.383,204.206750199199
290.724,319.372427919259
291.064,328.08044461906
291.405,201.208253845572
291.745,233.5754190286
292.086,423.847855011622
292.426,544.027065481991
292.767,541.410770674547
293.107,631.242837503552
293.448,904.260881155729
293.788,1375.32779306173
294.129,1788.36012125015
294.469,2562.01851792137
294.810,3618.96438697974
295.150,4963.16239288449
295.491,6068.68771759669
295.831,7103.60802478964
296.172,7812.08871462941
296.512,8357.86138776938
296.853,8642.24358932674
297.193,8806.87492051224
297.533,8132.39498248075
297.874,6497.11126919836
298.214,3960.8824386994
298.554,2020.99295608203
298.895,832.69721369942
299.235,488.50775531431
299.576,247.099240094423
299.916,259.469412555297
300.256,444.828307742874
300.596,505.290202111006
300.937,458.140590131283
301.277,409.955642685294
301.617,569.789964961509
301.958,698.274413883686
302.298,704.52128807207
302.638,699.424303424855
302.978,742.557375361522
303.318,746.886197785536
303.659,621.713279439757
303.999,578.608776612828
304.339,591.010525465012
304.679,591.253362983465
305.019,494.399215847254
305.360,477.713753720125
305.700,571.632557262977
306.040,654.935817817847
306.380,712.202991113067
306.720,936.7681622232
307.060,1057.6726812177
307.400,1179.4077634116
307.740,1290.04032067458
308.081,1740.20647267501
308.421,2002.43755859137
308.761,2153.16840744019
309.101,2171.42355160167
309.441,2679.91025599341
309.781,3386.09595526258
310.121,4217.23128269116
310.461,5177.43379950523
310.801,6444.20900566876
311.141,7945.81176772217
311.481,9126.19772838056
311.821,10483.926796029
312.161,12849.9922042588
312.501,16752.1518674195
312.841,21662.5914847727
313.180,25532.4333252435
313.520,27652.7295419176
313.860,28187.8175047239
314.200,30896.0312988261
314.540,38630.0696416299
314.880,49974.6578415632
315.220,58683.187399586
315.560,62446.9964376291
315.899,58401.1691592634
316.239,45336.3806979259
316.579,26640.5438426336
316.919,10728.9643869797
317.259,3658.3240339458
317.599,2258.64383455118
317.938,1973.72803824147
318.278,1674.99821881453
318.618,1196.41302613666
318.958,942.702753974746
319.297,894.996992724482
319.637,822.834599837661
319.977,617.210786854227
320.316,588.752374025683
320.656,694.129312857986
320.996,648.771169501046
321.336,560.040598221123
321.675,402.246122342845
322.015,649.338596065839
322.354,571.574667205413
322.694,678.349595785141
323.034,515.362376689911
323.373,577.959876040618
323.713,451.012780921534
324.053,494.495251948635
324.392,604.406259765228
324.732,798.117758015792
325.071,824.132042566935
325.411,924.187202900648
325.750,1245.74635946999
326.090,1604.75914038966
326.429,1949.02631366253
326.769,1943.81928590934
327.108,2384.73931555947
327.448,2687.66338183483
327.787,3202.1729183495
328.127,3015.24960388243
328.466,2856.60849907001
328.806,2500.2345675081
329.145,2202.92529238264
329.485,1891.53933170935
329.824,1931.84785501162
330.163,2299.36012125015
330.503,2599.78968741496
330.842,2877.35561034083
331.182,2891.05911613504
331.521,3020.68067364891
331.860,2919.86890595655
332.200,3276.86289140085
332.539,3924.79673134784
332.878,5005.01052546501
333.218,6051.6997466969
333.557,7261.89521961908
333.896,9046.91025599341
334.236,11986.2112611085
334.575,17222.2789248228
334.914,26637.2766693532
335.253,41318.8884532551
335.593,54021.842592294
335.932,61574.6543600162
336.271,62436.9282996456
336.610,62446.2175532257
336.949,62436.4305955271
337.289,62446.2634141793
337.628,62436.859884123
337.967,60541.7536000808
338.306,45895.8054756125
338.645,29657.7190164526
338.984,14421.8899568866
339.324,11294.4175370534
339.663,9528.84635138015
340.002,8360.52401781082
340.341,7318.56311237812
340.680,6065.61075453957
341.019,4816.67691459258
341.358,3946.52777689695
341.697,3623.96363512675
342.036,3672.72606035943
342.375,3888.47317164143
342.714,3769.15938560665
343.053,3368.12405012548
343.392,2832.13758286834
343.731,2462.08044461906
344.070,2194.46866074701
344.409,2109.19171382487
344.748,2131.13307194412
345.087,2473.7320749114
345.426,2628.31002694679
345.765,2601.99473726749
346.104,2514.71027216191
346.443,2663.95188359171
346.782,2600.04962004721
347.121,2358.84559957186
347.459,2181.42054432382
347.798,2427.77116950105
348.137,2719.15186741948
348.476,2948.44460253169
348.815,3519.11803556979
349.154,4348.50775531431
349.492,4875.51226623853
349.831,4985.86965777973
350.170,4958.62879817685
350.509,4827.54233900209
350.848,4927.27995419254
351.186,5605.5696820269
351.525,7646.64937483209
351.864,10952.9488763139
352.203,15368.0165400151
352.541,20485.9751899764
352.880,26227.5659229259
353.219,30955.0045109135
353.557,32390.6749366742
353.896,28859.9064968924
354.235,21740.7716437777
354.573,16079.6566154857
354.912,14103.9794233541
355.251,17311.8779277752
355.589,24062.1473564953
355.928,34835.2135165632
356.266,47785.1759256274
356.605,57430.9839342336
356.944,62235.4435731769
357.282,62436.8583804915
357.621,62446.4348288899
357.959,62436.9027378062
358.298,52537.1601374298
358.636,36091.7944758783
358.975,18609.1481083184
359.313,10490.454376181
359.652,8598.82379681865
359.990,7192.06465642899
360.329,5868.41152250518
360.667,4837.97040150563
361.006,4355.31426030397
361.344,4269.52203988036
361.683,3921.93356237809
362.021,3484.33606305718
362.359,3152.52655078967
362.698,2828.82454864184
363.036,2453.27516573668
363.375,2151.5919590493
363.713,2349.83281863729
364.051,2549.51376987
364.390,2650.80349771182
364.728,2638.30250875962
365.066,2699.93459175527
365.405,2825.44309889277
365.743,2766.44610617061
366.081,2805.68696577723
366.419,2876.11502829194
366.758,3140.94737267494
367.096,3138.16417406996
367.434,2912.46640527745
367.772,2345.20223928988
368.111,2158.31904877381
368.449,2322.77492859463
368.787,2748.09896252553
369.125,3705.37515762448
369.463,4844.60624360045
369.802,6617.06212342779
370.140,8378.71149825057
370.478,10165.5972217818
370.816,10710.5100107839
371.154,9566.74560765425
371.492,6905.00150363776
371.830,4571.55539746831
372.169,3391.8601616919
372.507,3551.05939369276
372.845,4605.63255726298
373.183,6326.66789274414
373.521,9196.47617893418
373.859,13233.7666585768
374.197,18619.6415790816
374.535,25467.3368148804
374.873,32291.2285529524
375.211,35589.9937078754
375.549,32571.0500943164
375.887,23400.9110078166
376.225,13386.2345675081
376.563,6355.92228508989
376.901,3882.68894367417
377.239,4204.49845594168
377.577,5492.33230394125
377.915,7527.06964162986
378.253,10655.1114658912
378.590,15729.4801347057
378.928,23041.0543276866
379.266,32538.2733844916
379.604,43109.1816625992
379.942,51678.9986930688
380.280,53719.1648450693
380.618,45895.589148442
380.955,30125.6192211906
381.293,14736.9991673827
381.631,5272.8988978068
381.969,2179.67908926805
382.307,1467.26380765438
382.644,1082.59714098771
382.982,1110.87108055751
383.320,925.023225545883
383.658,945.949547290802
383.995,907.678614894549
384.333,1121.20393963655
384.671,1064.37713555495
385.008,1218.54629478852
385.346,1167.00818908215
385.684,1270.53426567713
386.021,1147.67663705349
386.359,1021.54506868124
386.697,1034.91373755534
387.034,1154.69693613052
387.372,1455.05808671316
387.709,1698.7375343442
388.047,2147.55484241247
388.385,2670.7874319454
388.722,3306.71347618103
389.060,3582.55982754628
389.397,3910.16409321626
389.735,4015.87915386756
390.072,4149.62353544434
390.410,4206.88920506338
390.747,4786.42956614991
391.085,5337.8155268232
391.422,5491.14331985513
391.760,4654.92351116737
392.097,3868.29969821374
392.435,3441.05808671316
392.772,3860.72700887918
393.110,4731.35458097855
393.447,6118.68668823441
393.784,7123.78545405219
394.122,7237.27516573668
394.459,5720.70999460419
394.797,3839.48943412304
395.134,2026.3966828386
395.471,1088.65182697773
395.809,670.227049306035
396.146,931.227049306035
396.483,1442.64957153797
396.821,1854.76610344648
397.158,2491.40420101086
397.495,3462.94278091192
397.832,5123.06833469868
398.170,7026.21897598108
398.507,9331.02350308498
398.844,12334.8490811189
399.181,15393.6618781885
399.519,16628.0455834071
399.856,14629.5864187479
400.193,10045.4816383521
400.530,5393.14454593261
400.867,2368.97538669904
401.205,1101.6593452096
401.542,905.985160311063
401.879,1150.65032333136
402.216,1109.6758852005
402.553,1415.9550875624
402.890,1652.68415516615
403.227,2479.65633791685
403.565,3602.07791162531
403.902,4924.34207758308
404.239,6997.4187631309
404.576,9258.76412557562
404.913,12218.8731393417
405.250,15085.3718727628
405.587,16353.9044381976
405.924,14889.2550633152
406.261,10333.3921718995
406.598,5628.84729987383
406.935,2288.64102397362
407.272,1106.64957153797
407.609,652.094451616208
407.946,489.95809485515
408.283,437.13326861461
408.620,622.386157373587
408.956,706.527776896954
409.293,596.029795209567
409.630,479.302231192589
409.967,397.593462695678
410.304,381.90048233668
410.641,287.855095644792
410.978,284.843540787697
411.315,372.748059809208
411.651,454.275639990966
411.988,554.052072187265
412.325,588.857825338841
412.662,861.209202369054
412.999,937.028013964494
413.335,1203.81900834044
413.672,1310.91448934873
414.009,1391.02500673135
414.346,1104.91373755534
414.682,605.928022106489
415.019,295.368865529696
415.356,225.543565094471
415.692,112.26313662529
416.029,80.231560215354
416.366,141.372150361538
416.702,460.444324970245
417.039,567.983182440201
417.376,560.940328756968
417.712,699.365384012461
418.049,1138.57992992302
418.386,1492.56188628574
418.722,1915.92679602901
419.059,2346.28869846463
419.395,3005.86411752303
419.732,3343.80745351315
420.068,3104.16108592351
420.405,2355.19594715039
420.742,1359.75811101993
421.078,650.122268925111
421.415,283.051597932975
421.751,450.496200501919
422.088,595.574389636517
422.424,609.183918098609
422.760,515.825774719318
423.097,737.522514164448
423.433,881.241056303183
423.770,938.110239843527
424.106,1059.60022904476
424.443,1478.8658986787
424.779,2095.23080840707
425.115,2794.32102668285
425.452,3588.56311237812
425.788,4595.97237940629
426.124,5734.3518512547
426.461,6631.05310157935
426.797,6557.53830230236
427.133,5452.67165186008
427.470,3854.82078954081
427.806,2415.2511075139
428.142,1312.82577471932
428.479,685.23880080382
428.815,532.445076793432
429.151,388.7821692427
429.487,455.996437629064
429.824,406.94531395038
430.160,484.327041208744
430.496,415.281932085753
430.832,356.202991113067
431.168,448.175173819065
431.505,604.787431945404
431.841,910.228275398413
432.177,1281.75811101993
432.513,1814.71375372012
432.849,2191.80848287543
433.185,2670.48341956735
433.521,3226.51349234581
433.857,3966.97463484605
434.194,4355.77286982536
434.530,3820.79091352224
434.866,2572.33305579424
435.202,1220.27619509523
435.538,546.164648339152
435.874,434.685184588035
436.210,423.872665042679
436.546,426.45362435778
436.882,324.214268401265
437.218,244.282683908939
437.554,161.90724871556
437.890,240.25637024641
438.226,564.054605225722
438.562,548.084678004185
438.898,476.342077583075
439.233,283.089940736691
439.569,441.128283480803
439.905,373.372902184725
440.241,230.947569390138
440.577,205.808957159519
440.913,348.956591208776
441.249,545.083926151196
441.584,437.312004834414
441.920,339.257873892784
442.256,306.584440847238
442.592,238.742322822412
442.928,255.961102147897
443.264,215.359091858069
443.599,267.140312592189
443.935,308.118035569787
444.271,168.457383458813
444.607,255.540835340818
444.942,286.169911071658
445.278,421.249603882432
445.614,292.606995423635
445.949,365.371398538351
446.285,310.535295069218
446.621,294.638294279575
446.956,256.129787097375
447.292,522.17818108201
447.628,841.880183229844
447.963,878.901234174768
448.299,976.757636758188
448.634,1216.1954729259
448.970,1119.91298570236
449.306,760.371872762839
449.641,175.379668533802
449.977,99.0293209385127
450.312,103.118787385523
450.648,139.91448934873
450.983,-1.57549985249835
451.319,-23.1584371129672
451.654,146.659622748693
451.990,301.327793061733
452.325,238.293961197138
452.661,185.980175147454
452.996,239.490185916424
453.332,325.837052007516
453.667,253.34734031558
454.002,231.445354347428
454.338,416.774928594629
454.673,451.358617633581
455.009,511.310501217842
455.344,581.021525184313
455.679,817.096707085768
456.015,1004.70125033582
456.350,1131.91203718632
456.685,1436.7877095143
457.021,1727.22479385138
457.356,1535.15835622946
457.691,879.847577412923
458.027,416.318771213293
458.362,214.969649682442
458.697,196.480689828595
459.032,37.7170385370652
459.368,53.1458528637886
459.703,210.601732691129
460.038,295.384179472923
460.373,248.442069530487
460.708,235.975664238135
461.044,184.092473722994
461.379,215.53857990106
461.714,145.056108872096
462.049,163.39771220088
462.384,321.982430617015
462.719,261.150363788009
463.054,255.128561019897
463.390,91.6122581561406
463.725,397.682929118474
464.060,387.960627863805
464.395,466.552112629016
464.730,407.835825930039
465.065,643.525047158202
465.400,859.723527332147
465.735,833.180159012477
466.070,951.059116135041
466.405,892.771643777688
466.740,861.926518460115
467.075,486.465375900269
467.410,479.162392884493
467.745,458.348369711389
468.080,353.157881975174
468.415,79.3458366990089
468.750,67.2262974828482
469.084,222.439339799186
469.419,209.662630011638
469.754,123.546572327614
470.089,145.885168393453
470.424,288.460113167763
470.759,328.415755867958
471.094,256.038817028205
471.428,359.958372394244
471.763,339.210509300232
472.098,348.177429258823
472.433,241.884694154064
472.768,362.073678247631
473.102,397.606521154444
473.437,271.145101055503
473.772,64.155348966519
474.107,123.408989489079
474.441,248.066911883652
474.776,247.262384802103
475.111,141.439814060926
475.445,123.588199963172
475.780,238.833570460478
476.115,275.771169501046
476.449,176.205246567726
476.784,96.3127566874027
477.119,370.138334676623
477.453,319.279954192539
477.788,277.947372674942
478.123,40.8155268232027
478.457,245.304486662149
478.792,416.457105904818
479.126,383.675885200501
479.461,284.527025043964
479.795,322.937321494023
480.130,408.937321494023
480.464,559.84860684971
480.799,653.759140389661
481.133,637.877175966899
481.468,452.539331709345
481.802,153.708768526713
482.137,112.502492596706
482.471,229.660374542077
482.806,297.016540015116
483.140,144.246874158581
483.474,233.905745069186
483.809,306.988445142905
484.143,317.389442205429
484.478,112.821263809999
484.812,63.2390784025192
485.146,221.522791703542
485.481,276.060619781415
485.815,234.59496631225
486.149,249.043605495244
486.484,311.095481000841
486.818,304.895219619076
487.152,109.643082698186
487.486,319.556623553236
487.821,400.335588790088
488.155,444.018795473501
488.489,200.443098892768
488.823,275.836577738325
489.158,361.675410916408
489.492,283.322530299425
489.826,221.908000538746
490.160,323.291705727577
490.494,448.943336019913
490.829,494.898978705208
491.163,533.931306908528
491.497,740.673907299837
491.831,787.550608997544
492.165,586.112772837281
492.499,136.038065205018
492.833,24.1004661719004
493.167,60.9568687776724
493.501,152.276669353247
493.835,192.732074911396
494.169,265.185976838072
494.503,341.654637564595
494.837,279.620528151592
495.171,107.453346818686
495.505,144.652856369813
495.839,132.463398014506
496.173,203.841840485732
496.507,190.371398538351
496.841,239.336063057184
497.175,426.125553756952
497.509,250.21727566421
497.843,98.640827258428
498.177,60.9809269706408
498.511,176.998970607916
498.845,250.169159263372
499.179,68.8997305283943
499.512,190.964386979739
499.846,260.112021014094
500.180,398.770417670409
500.514,150.806504974763
500.848,117.417537053426
501.181,152.325815144305
501.515,266.966919969767
501.849,120.479186197122
502.183,131.980175147454
502.517,364.020773361127
502.850,461.25637024641
503.184,351.15863378346
503.518,338.45362435778
503.851,392.317545135816
504.185,325.659148477639
504.519,67.1263055801392
504.852,83.0593936927617
505.186,102.704257613669
505.520,136.598725428184
505.853,-44.9912557502588
506.187,91.5754190286001
506.521,190.157881975174
506.854,331.08270008117
507.188,177.408515227338
507.521,157.701250335822
507.855,143.369420641412
508.188,123.741096744935
508.522,152.548353542884
508.855,197.099714378516
509.189,391.424025863409
509.522,276.023780653874
509.856,107.716009159883
510.189,-8.07245217760408
510.523,111.400997040172
510.856,177.757636758188
511.190,186.123298294842
511.523,139.125553756952
511.857,302.291705727577
512.190,194.087685267131
512.523,75.7794395039479
512.857,96.1250794877609
513.190,401.771921316783
513.523,498.655111809572
513.857,390.449865264197
514.190,199.513018046816
514.523,128.339822143316
514.857,61.5949663122495
515.190,-112.070196708043
515.523,36.3721503615379
515.857,291.024532477061
516.190,329.251107513905
516.523,135.550608997544
516.856,-5.47495284179843
517.190,142.11953920126
517.523,178.496478041013
517.856,-26.0844812740883
518.189,177.600980867942
518.522,435.21727566421
518.856,518.886949593822
519.189,337.280428469181
519.522,160.273662090302
519.855,291.407763411601
520.188,190.523069257538
520.521,146.722301265846
520.854,112.656615485748
521.187,384.995963344971
521.520,351.520536233981
521.854,308.518280779322
522.187,201.133546213309
522.520,358.922007580598
522.853,464.092947999636
523.186,392.767410407464
523.519,368.213042308887
523.852,381.363406089445
524.185,248.278924822807
524.518,74.0117515424887
524.851,50.3037348389626
525.183,234.387938559055
525.516,338.193691710631
525.849,317.140312592189
526.182,421.640075435241
526.515,599.157130151987
526.848,406.823796818654
527.181,29.7077391346296
527.514,-20.3478954533736
527.847,227.396486123403
528.179,349.467908908923
528.512,194.915518725912
528.845,199.053379140794
529.178,373.229582329591
529.511,307.763651306431
529.843,123.872665042678
530.176,51.045860953629
530.509,135.930080845952
530.842,120.276946914693
531.174,111.685462140168
531.507,227.169159263372
531.840,435.098962525527
532.172,403.467631340027
532.505,284.18269200623
532.838,249.76590676109
533.170,234.242085695267
533.503,188.500237127145
533.836,49.3468660743287
534.168,92.4994853039582
534.501,187.616017242273
534.834,128.90048233668
535.166,55.0703934232394
535.499,165.35410669446
535.831,384.056386418641
536.164,361.439339799186
536.496,196.336063057184
536.829,111.140312592188
537.161,198.406734019518
537.494,78.9501023987929
537.826,5.9177741805712
538.159,126.595718135436
538.491,314.362376689911
538.824,261.742322822412
539.156,106.69721369942
539.489,230.697965492805
539.821,430.0726488928
540.153,482.34809216857
540.486,186.599477221568
540.818,131.53857990106
541.151,184.519784425696
541.483,186.974160591761
541.815,85.3653840124607
542.148,103.966642389695
542.480,277.884694154064
542.812,302.118035569787
543.145,177.351376987373
543.477,175.80500134329
543.809,457.186451092362
544.141,395.676440313148
544.474,286.782446774344
544.806,174.516777147849
545.138,310.416033414503
545.470,288.26915115118
545.802,78.3826758265495
546.135,88.9072487155596
546.467,191.576170836886
546.799,237.497981672486
547.131,150.423551601668
547.463,69.6468418141205
547.795,112.442821323872
548.128,127.728038241466
548.460,115.372150361538
548.792,227.761118282874
549.124,341.330048501492
549.456,350.419792508086
549.788,183.781694958607
550.120,148.181188344955
550.452,267.115028291941
550.784,236.494222571452
551.116,187.131568312645
551.448,228.060897331685
551.780,475.699746696899
552.112,338.846628949046
552.444,206.449391002456
552.776,41.0872109904885
553.108,228.658870925506
553.440,260.872665042679
553.772,193.469412555297
554.104,143.156378343701
554.435,260.258151439329
554.767,210.255144161483
555.099,245.467157100638
555.431,157.49046348532
555.763,341.317267566919
556.095,240.745330085357
556.426,206.643082698186
556.758,79.8501104811828
557.090,214.388967932513
557.422,182.058641877025
557.754,205.381449741622
558.085,217.733578550319
558.417,293.937321494023
558.749,180.938825110595
559.080,-26.6561412016551
559.412,57.0548827797174
559.744,296.201487481594
560.076,355.835074106852
560.407,175.549105366071
560.739,196.047838846843
561.071,284.16963348786
561.402,252.768636484941
561.734,167.989948819081
562.065,128.38267582655
562.397,386.06362704436
562.729,254.179684713483
563.060,248.752374025683
563.392,161.539331709345
563.723,348.627294530471
564.055,472.694206406673
564.386,285.035057942072
564.718,261.530309890708
565.049,175.093225546181
565.381,233.691476690273
565.712,84.8872271627188
566.044,90.3348369710925
566.375,305.325537592173
566.707,431.573637843132
567.038,282.509733259678
567.369,185.572411735852
567.701,207.215020209551
568.032,213.643834551175
568.364,126.188706547022
568.695,94.0481164082885
569.026,297.400245216985
569.358,192.061649147421
569.689,9.937599029392
570.020,-26.8253004501264
570.352,75.2333414231737
570.683,189.968423604965
571.014,-45.7944758782785
571.345,-24.1654001623392
571.677,161.396486123403
572.008,174.450339525938
572.339,111.313230971495
572.670,-50.2118162314098
573.001,234.549857189258
573.333,169.030072756112
573.664,136.564419294397
573.995,117.068415522575
574.326,283.859132299821
574.657,292.753125841419
574.988,62.8087604443233
575.320,92.5280544360478
575.651,194.802745888631
575.982,239.557375361522
576.313,176.997466991345
576.644,308.676914592584
576.975,464.849358672897
577.306,464.951883591712
577.637,127.874446243048
577.968,142.137108599146
578.299,221.398267308871
578.630,311.526076535384
578.961,129.987970897928
579.292,137.985715440474
579.623,342.094729185104
579.954,329.054882779717
580.285,180.311530585711
580.616,41.7122500737507
580.947,182.00771488746
581.277,131.390193998814
581.608,26.8365777383249
581.939,57.2338156700134
582.270,267.693732148657
582.601,304.248377797504
582.932,218.169911071658
583.263,263.891460518042
583.593,453.127057388425
583.924,444.740344914297
584.255,156.750118563573
584.586,128.758388573925
584.916,252.306267851343
585.247,279.369420641412
585.578,115.62278359135
585.909,132.294712990522
586.239,387.214268401265
586.570,405.581433584293
586.901,279.367639422417
587.231,250.346588522196
587.562,345.114276476204
587.893,285.770417670409
588.223,55.9207814435164
588.554,127.806504974763
588.885,88.0075181890279
589.215,88.1082619279623
589.546,-197.293486931672
589.876,-1.24687415858114
590.207,208.258348147074
590.537,300.518477479617
590.868,224.470638632774
591.198,177.941832403342
591.529,348.155348966519
591.859,335.133546213309
592.190,200.706235518058
592.520,177.25637024641
592.851,191.316041498755
593.181,175.944365400821
593.512,-2.12959041198098
593.842,59.9891969660918
594.173,263.822293187181
594.503,284.558404738704
594.833,121.519310171405
595.164,45.0684155225754
595.494,183.130064681172
595.824,183.168407440186
596.155,78.6445863743624
596.485,28.9944597283999
596.815,183.283435732126
597.146,166.543090810378
597.476,179.154122874141
597.806,179.608499070009
598.137,385.628798176845
598.467,263.10450283438
598.797,178.122546479106
599.127,151.33455941081
599.457,279.719768246015
599.788,242.556623553236
600.118,103.470164378484
600.448,96.7749285946289
600.778,281.407011580964
601.108,228.096232816577
601.438,107.090970091522
601.769,7.40024521698558
602.099,246.095481000841
602.429,172.640075435241
602.759,122.047838846842
603.089,-104.909781731665
603.419,125.352128806834
603.749,57.7175128062567
604.079,76.6112287640572
604.409,210.2012099425
604.739,418.7039800783
605.069,449.478434388836
605.399,309.108261927962
605.729,269.218027487397
606.059,372.054882779717
606.389,244.663659391149
606.719,126.728038241466
607.049,98.5789005160332
607.379,202.637819995483
607.709,139.216523855925
608.039,16.7430746455988
608.368,20.7047318716844
608.698,227.775680410365
609.028,215.7877095143
609.358,43.606243600448
609.688,-12.0829776426157
610.018,109.109765559435
610.347,149.383705203732
610.677,89.9937078754107
611.007,199.93328477939
611.337,444.869380195936
611.666,495.772395571073
611.996,352.152341673772
612.326,238.19444356362
612.656,199.079415241877
612.985,225.215772032738
613.315,136.357865810394
613.645,279.203465382258
613.974,356.321026682854
614.304,425.738089467088
614.634,206.392727026095
614.963,157.351099431515
615.293,138.25082997481
615.622,62.723527332147
615.952,6.08495553582907
616.282,-32.2566478078564
616.611,130.53857990106
616.941,82.549857189258
617.270,-1.75716249644756
617.600,49.1894583702087
617.929,169.437084337076
618.259,345.573915382226
618.588,177.389442205429
618.918,185.019269714753
619.247,175.851614112655
619.577,104.955642685294
619.906,-22.1105173826218
620.235,-37.5396092782418
620.565,253.967394242684
620.894,227.208253845572
621.224,105.773424948255
621.553,80.1330719441176
621.882,199.185699269176
622.212,219.626542707284
622.541,49.7122500737509
622.870,-15.3629318277041
623.200,200.70773913463
623.529,232.219253579775
623.858,152.488682299852
624.187,53.0297952095667
624.517,132.609250863393
624.846,251.906496892373
625.175,109.461616814137
625.504,1076.85885473092
625.834,1112.22103476524
626.163,1091.06691188365
626.492,-10.3709242803355
626.821,-55.8042495350043
627.150,54.0180436540395
627.479,68.4979816724857
627.809,-49.7616734057665
628.138,-31.0581675966581
628.467,291.691950966915
628.796,373.804723789295
629.125,263.769388308128
629.454,79.8535920580229
629.783,317.162115315596
630.112,331.193217456341
630.441,330.408515227338
630.770,141.500988950332
631.099,286.042576144139
631.428,214.941080550353
631.757,101.304764214282
632.086,2.06691188365221
632.415,46.5927108426889
632.744,118.030547032754
633.073,72.7054836948713
633.402,79.8869495938221
633.731,178.855373213689
634.060,213.598725428184
634.388,200.556623553236
634.717,209.853869567315
635.046,254.4972298642
635.375,133.854621405403
635.704,-61.4230773399273
636.033,4.58293721576536
636.361,152.986941526333
636.690,246.667892744144
637.019,122.818534086148
637.348,-26.1345755755901
637.676,119.40503368775
638.005,172.860161691904
638.334,382.086459174752
638.663,322.27591753006
638.991,416.286442995071
639.320,241.445354347428
639.649,169.084203720093
639.977,79.549857189258
640.306,113.194612652063
640.635,65.8610097716252
640.963,19.1940735727549
641.292,88.8604706774155
641.620,229.526867796977
641.949,209.526598249873
642.278,121.859662051002
642.606,92.5260591705641
642.935,322.192456275225
643.263,367.858853409688
643.592,187.858583862583
643.920,75.1916476488113
644.249,105.858044753472
644.577,221.191108554602
644.906,132.190839007497
645.234,93.5239027937253
645.562,140.190299913287
645.891,166.856697032849
646.219,175.189760819078
646.548,168.522824605306
646.876,183.855888391534
647.204,137.188952177763
647.533,52.5220159639915
647.861,78.5217464168867
648.190,153.188143536448
648.518,196.854540670911
648.846,71.1876044422388
649.174,50.187334895134
649.503,161.187065348029
649.831,239.520129149159
650.159,238.853192920486
650.487,205.186256706715
650.816,287.519320492943
651.144,256.185717627406
651.472,180.852114732067
651.800,115.185178518295
652.129,275.851575637857
652.457,229.51797277232
652.785,229.851036558549
653.113,130.517433663209
653.441,400.517164116104
653.769,367.516894583901
654.097,243.849958370129
654.425,99.8496888081233
654.753,156.182752609253
655.082,317.849149728815
655.410,292.182213515043
655.738,280.848610634605
656.066,301.515007754167
656.394,188.181404873729
656.722,142.514468659957
657.050,51.5141991128524
657.378,248.847262899081
657.706,233.180326685309
658.034,284.180057138205
658.361,224.513120924433
658.689,504.512851392229
659.017,496.17924849689
659.345,567.845645616452
659.673,508.512042736014
660.001,602.845106537143
660.329,473.844836975137
660.657,391.177900761366
660.984,353.510964547594
661.312,480.177361682057
661.640,477.177092134953
661.968,380.176822572947
662.296,374.509886359175
662.623,506.509616826971
662.951,467.176013946533
663.279,204.509077717861
663.607,22.5088081707557
663.934,107.841871971885
664.262,173.841602424781
664.590,97.5079995443423
664.917,177.84106331567
665.245,308.174127116799
665.573,436.173857569695
665.900,313.506921355923
666.228,553.839985142152
666.556,660.17304892838
666.883,646.506112714609
667.211,329.505843167504
667.538,257.838906953732
667.866,422.171970739961
668.193,481.838367859523
668.521,497.171431645751
668.849,476.504495446881
669.176,542.837559218208
669.504,428.170623004437
669.831,336.170353457332
670.158,349.503417258461
670.486,424.836481029789
670.813,380.50287814935
671.141,166.169275268912
671.468,148.502339070042
671.796,113.168736189604
672.123,199.168466627598
672.450,89.8348637471597
672.778,275.834594214956
673.105,381.167658001184
673.432,408.167388439178
673.760,240.83378555874
674.087,298.833516026537
674.414,324.499913146098
674.742,398.16631026566
675.069,341.832707370321
675.396,343.499104504784
675.723,268.165501624346
676.051,190.165232077241
676.378,175.831629181902
676.705,144.831359649698
677.032,294.49775676926
677.359,222.497487222155
677.687,276.163884356618
678.014,162.163614794612
678.341,384.163345247507
678.668,266.829742367069
678.995,155.496139501532
679.322,90.8292032728593
679.649,238.828933725754
679.976,236.495330845316
680.303,182.161727979779
680.630,144.161458432674
680.958,261.161188870668
681.285,174.160919323564
681.612,122.493983124693
681.939,79.8270469109218
682.266,213.160110682249
682.592,274.159841135144
682.919,346.826238269607
683.246,207.492635389169
683.573,277.15903249383
683.900,209.158762946725
684.227,213.158493414521
684.554,219.158223867416
684.881,290.824620986978
685.208,292.824351424972
685.535,170.490748559435
685.861,283.823812345664
686.188,418.156876131892
686.515,401.156606569886
686.842,126.156337037683
687.169,193.489400823911
687.495,353.489131276806
687.822,279.822195077936
688.149,104.82192551593
688.476,78.4883226354917
688.802,313.82138642172
689.129,277.15445022285
689.456,129.154180660844
689.782,77.4872444470723
690.109,245.820308233301
690.436,241.486705367764
690.762,101.153102487326
691.089,-20.513833741347
691.416,77.1525633782148
691.742,126.485627179344
692.069,8.48535763223964
692.395,49.4850880702336
692.722,118.818151856462
693.049,110.817882324259
693.375,32.8176127771537
693.702,16.4840098967155
694.028,83.1504070013762
694.355,-23.5165291974942
694.681,-162.850132077932
695.008,-105.850401625037
695.334,51.4826621462901
695.660,130.81572594742
695.987,11.4821230669816
696.313,-41.1848131467899
696.640,68.1482506394386
696.966,85.4813144256672
697.292,64.147711545229
697.619,58.1474419981241
697.945,167.147172451019
698.271,46.1469029039145
698.598,-28.8533666431904
698.924,-7.52030285696185
699.250,182.479427610834
699.577,141.479158048828
699.903,79.812221835057
700.229,-1.85471437871456
700.555,82.8116827557485
700.882,73.4780798753102
701.208,25.1444769799709
701.534,24.8108740995328
701.860,75.4772712339957
702.186,112.810335020224
702.513,128.476732124885
702.839,184.809795911113
703.165,308.80952637891
703.491,260.475923498472
703.817,86.1423206180334
704.143,-96.8579489439726
704.469,-105.858218476176
704.795,-12.8584880232811
705.121,-4.19209090371925
705.447,91.1409728676081
705.774,180.474036668738
706.100,320.473767121633
706.426,150.473497574528
706.752,48.1398946940899
707.077,-30.5270415196816
707.403,-19.8606444001198
707.729,8.80575271944207
708.055,54.8054831723372
708.381,200.471880291899
708.707,173.804944078128
709.033,189.471341197689
709.359,35.4710716505846
709.685,17.1374687850475
710.011,-74.8628007769585
710.337,-65.8630703240633
710.662,153.8033268104
710.988,299.469723929961
711.314,352.136121034622
711.640,197.135851487517
711.966,88.1355819553137
712.291,160.801979074875
712.617,92.1350428462029
712.943,66.8014399657647
713.269,-10.8654962331057
713.594,26.1342342197895
713.920,32.1339646726847
714.246,23.8003617773454
714.571,-16.5332410881917
714.897,133.466489364704
715.223,86.4662198175986
715.548,141.132616922259
715.874,103.465680723389
716.199,268.132077842951
716.525,253.465141629179
716.851,181.464872082075
717.176,134.131269201636
717.502,246.797666321198
717.827,229.797396774093
718.153,155.130460560322
718.478,139.130191013217
718.804,152.796588132779
719.129,136.462985252341
719.455,18.7960490385691
719.780,174.129112839699
720.106,242.128843277693
720.431,266.128573730588
720.756,144.128304183483
721.082,231.794701317946
721.407,280.127765089273
721.733,179.794162208835
722.058,15.4605593432983
722.383,-83.5397102038066
722.709,120.460020249089
723.034,77.793084020416
723.359,187.792814488212
723.685,92.1258782744408
724.010,234.792275394003
724.335,215.125339180231
724.660,79.4584029664596
724.986,317.458133419355
725.311,384.457863864799
725.636,510.790927658478
725.961,244.45732477804
726.286,172.457055230935
726.612,149.790119017164
726.937,81.7898494700591
727.262,-57.5437534103791
727.587,-98.2106896241506
727.912,13.4557074954112
728.237,135.455437948306
728.562,124.788501734535
728.887,44.121565528214
729.212,69.7879626403253
729.537,63.4543597673377
729.863,157.454090212782
730.188,146.120487339795
730.513,172.786884451906
730.838,72.7866149122517
731.163,67.1196786910296
731.487,135.786075818042
731.812,201.452472930153
732.137,15.7855367238323
732.462,-2.54806614915532
732.787,-16.8816690370441
733.112,186.451394756635
733.437,235.784458535413
733.762,263.784188995759
734.087,339.117252774537
734.412,348.783649901549
734.736,256.45004701366
735.061,129.783110807339
735.386,135.449507926901
735.711,245.115905046463
736.036,215.782302166025
736.360,192.448699285587
736.685,250.448429738482
737.010,411.448160191377
737.335,294.114557310939
737.659,298.114287763834
737.984,223.114018216729
738.309,319.780415343742
738.633,268.780145789186
738.958,155.446542916199
739.283,213.779606694976
739.607,138.446003821989
739.932,159.445734267434
740.257,30.7787980611126
740.581,99.4451951732238
740.906,208.778258966903
741.230,202.444656079014
741.555,92.4443865393599
741.879,1.11078365892172
742.204,58.7771807784836
742.528,85.1102445647121
742.853,18.1099750176072
743.177,5.10970547795296
743.502,78.4427692567309
743.826,172.442499717077
744.151,201.775563495855
744.475,217.441960622867
744.800,357.775024409095
745.124,364.108088195324
745.448,277.774485314886
745.773,262.440882434448
746.097,291.773946220676
746.421,335.107010006905
746.746,235.773407126466
747.070,307.773137579362
747.394,405.10620136559
747.719,441.439265151819
748.043,358.10566227138
748.367,385.43872606506
748.691,433.105123177171
749.016,328.771520304183
749.340,115.771250749628
749.664,99.1043145433068
749.988,409.770711655418
750.312,494.770442115764
750.637,432.770172561208
750.961,368.103236354888
751.285,383.436300141116
751.609,373.436030594011
751.933,226.76909438024
752.257,216.102158166468
752.581,249.101888619363
752.905,225.768285738925
753.229,117.101349525154
753.553,104.434413311382
753.878,177.434143764277
754.202,177.767207557956
754.526,76.7669380108516
754.850,-14.5666648695866
755.173,65.7663989166419
755.497,73.4327960362037
755.821,50.4325264890989
756.145,-53.567743058006
756.469,153.765320728223
756.793,180.431717847784
757.117,264.43144830068
757.441,228.764512086908
757.765,233.764242547254
758.089,262.763972992698
758.412,196.097036786377
758.736,255.096767231822
759.060,326.096497692168
759.384,291.096228137612
759.708,224.429291931291
760.031,274.762355710069
760.355,371.095419503748
760.679,402.428483289977
761.003,265.761547076205
761.326,302.427944195767
761.650,323.761007981996
761.974,337.094071768224
762.297,284.093802221119
762.621,400.426866007348
762.945,535.09326312691
763.268,335.092993579805
763.592,165.0927240327
763.916,149.092454485595
764.239,332.758851612608
764.563,228.758582058052
764.886,14.0916458517313
765.210,-13.2419570287069
765.533,194.757773424188
765.857,135.090837210417
766.180,74.7572343299786
766.504,-7.24303521712622
766.827,249.423361902436
767.151,300.423092362781
767.474,216.089489474893
767.798,138.422553268572
768.121,188.422283714016
768.445,162.422014174362
768.768,97.4217446198066
769.091,131.754808413486
769.415,324.421205525597
769.738,399.754269319276
770.061,280.753999772171
770.385,426.753730225066
770.708,359.420127344628
771.031,362.419857797523
771.355,123.752921583752
771.678,366.08598536998
772.001,469.752382489542
772.324,459.085446275771
772.648,268.085176728666
772.971,264.751573848228
773.294,338.084637634456
773.617,345.751034761469
773.940,301.084098540247
774.264,374.750495667259
774.587,514.750226112703
774.910,478.749956573049
775.233,254.083020351827
775.556,217.416084145506
775.879,218.415814590951
776.202,285.082211717963
776.525,136.748608844976
776.848,172.081672623754
777.171,312.414736417433
777.494,311.414466862877
777.817,197.747530656556
778.140,108.747261102001
778.463,130.413658229013
778.786,58.4133886744579
779.109,48.746452468137
779.432,91.7461829135816
779.755,245.412580040594
780.078,54.7456438268225
780.401,-70.9212923869491
780.724,-129.921561934054
781.047,33.744835185508
781.370,-60.2554343615969
781.692,-134.922370575368
782.015,-208.58930678914
782.338,17.4104236637552
782.661,53.0768207833171
782.984,105.74321791033
783.306,57.4096150224407
783.629,299.409345482787
783.952,289.409075928231
784.275,266.74213972191
784.597,141.741870167355
784.920,207.7416006277
785.243,232.741331073145
785.565,122.407728200157
785.888,347.074125319719
786.211,493.407189105948
786.533,522.406919558843
786.856,171.739983345071
787.179,122.406380472084
787.501,260.739444250862
787.824,273.072508044541
788.146,222.405571823319
788.469,119.738635616998
788.791,271.071699395776
789.114,156.071429856122
789.436,-28.2621730243166
789.759,-82.2624425714215
790.081,-28.2627121185263
790.404,23.7370183343689
790.726,-31.5965845460693
791.049,-121.930187426507
791.371,118.069543026388
791.694,15.4026068126162
792.016,-14.2643294011553
792.338,-118.26459894081
792.661,124.735131504635
792.983,191.734861964981
793.305,37.401259077092
793.628,56.4009895374377
793.950,203.400719982882
794.272,276.733783776561
794.595,42.4001808886727
794.917,-87.6000886509816
795.239,72.0663084611297
795.561,102.732705588142
795.884,100.732436041037
796.206,74.0654998272657
796.528,111.398563613494
796.850,101.064960733056
797.172,-24.2686421473821
797.494,28.3977549721797
797.817,-39.9358479082584
798.139,-59.2694507886966
798.461,-167.603053661684
798.783,-14.603323208789
799.105,133.063073910773
799.427,180.062804363668
799.749,70.7292014832298
800.071,79.062265265733
800.393,203.061995722353
800.715,176.061726175249
801.037,7.06145662814379
801.359,-18.938812918961
801.681,82.7275842006008
802.003,251.393981320163
802.325,110.060378439724
802.647,93.3934422259529
802.969,73.0598393455148
803.291,129.726236465077
803.613,80.0593002587557
803.935,-20.6076359550158
804.256,64.3920944978793
804.578,106.725158284108
804.900,90.3915554036697
805.222,-80.6087141434352
805.544,-61.2756503572066
805.866,-88.2759199043115
806.187,-45.6095227847497
806.509,-43.9431256614625
806.831,57.389938124766
807.153,59.0563352443278
807.474,17.0560656972229
807.796,83.7224628167848
808.118,189.388859936347
808.439,201.055257055908
808.761,36.7216541754703
809.083,31.3880512950321
809.404,62.3877817479273
809.726,163.720845537881
810.047,131.05390932411
810.369,58.7203064436714
810.691,199.386703563233
811.012,124.719767349462
811.334,176.05283113569
811.655,121.052561588585
811.977,283.718958708147
812.298,284.718689161042
812.620,137.385086280604
812.941,30.3848167372247
813.263,61.0512138567865
813.584,123.717610976348
813.906,93.7173414292435
814.227,247.717071882139
814.548,351.050135672092
814.870,356.716532791654
815.191,149.049596577883
815.513,-37.6173396358887
815.834,72.3823908170064
816.155,79.7154546069602
816.477,160.715185059855
816.798,154.048248846084
817.119,237.047979298979
817.440,309.381043085208
817.762,163.047440204769
818.083,158.713837324331
818.404,32.7135677772264
818.725,56.0466315634549
819.047,33.04636201635
819.368,111.04609247297
819.689,191.045822925866
820.010,192.378886712094
820.331,89.045283831656
820.652,112.711680951218
820.974,166.044744737446
821.295,211.044475190341
821.616,126.044205643237
821.937,50.7106027627985
822.258,66.0436665527523
822.579,91.0433970056474
822.900,-3.62353920812408
823.221,-15.6238087552289
823.542,126.375921697666
823.863,130.042318817228
824.184,132.70871593679
824.505,41.0417797230184
824.826,71.0415101759136
825.147,-25.9587593711913
825.468,-31.9590289108455
825.789,76.7073682087163
826.110,243.707098661611
826.430,241.373495781173
826.751,163.039892900735
827.072,166.372956686964
827.393,163.372687139859
827.714,148.039084259421
828.035,9.0388147123158
828.355,89.038545165211
828.676,226.038275621831
828.997,349.704672741393
829.318,257.037736527622
829.638,170.704133647184
829.959,231.037197433412
830.280,325.370261219641
830.601,194.036658339202
830.921,136.036388792098
831.242,59.7027859116594
831.563,129.035849697888
831.883,99.0355801545084
832.204,29.0353106074035
832.524,96.368374393632
832.845,59.3681048465272
833.166,82.3678352994223
833.486,509.700899085651
833.807,589.700629538546
834.127,579.033693324775
834.448,32.0334237776697
834.768,54.0331542305648
835.089,61.3662180205186
835.409,123.365948473414
835.730,47.365678926309
836.050,61.6987427125374
836.371,158.031806502491
836.691,109.031536955386
837.011,24.6979340749482
837.332,20.6976645278434
837.652,132.030728314072
837.973,199.3637921003
838.293,126.363522553196
838.613,82.0299196727574
838.934,103.029650129378
839.254,48.3627139156063
839.574,-40.6375556314985
839.894,-83.9711585119367
840.215,42.0285719409585
840.535,45.0283023957163
840.855,13.6946995152781
841.175,-33.63890336516
841.496,85.0274937544018
841.816,150.027224207297
842.136,193.026954662055
842.456,132.360018448283
842.776,172.693082234512
843.096,73.3594793540736
843.417,-9.30745685969789
843.737,30.0256069283932
844.057,-65.6413292853783
844.377,-68.3082654972871
844.697,-215.641868377725
845.017,-42.9754712581635
845.337,1.02425919659436
845.657,-18.9760103505105
845.977,-172.976279897615
846.297,-86.9765494447202
846.617,43.3565143415084
846.937,95.3562447962661
847.257,131.689308582495
847.577,36.6890390353898
847.897,151.022102821618
848.217,59.3551666097095
848.536,81.3548970626046
848.856,70.6879608488331
849.176,217.354357968395
849.496,179.687421754623
849.816,184.687152211244
850.136,8.02021599747241
850.455,144.353279783701
850.775,30.3530102365961
851.095,120.352740689491
851.415,12.6858044775824
851.735,129.685534930478
852.054,-40.981401283294
852.374,-29.3150041637321
852.694,31.684726289163
853.013,243.351123410588
853.333,265.684187196816
853.653,201.017250983045
853.972,134.01698143594
854.292,211.350045222168
854.612,84.349775676926
854.931,57.6828394631545
855.251,17.3492365845789
855.570,284.015633704141
855.890,200.682030823703
856.209,198.681761276598
856.529,40.0148250646889
856.848,232.681222184251
857.168,180.347619303813
857.487,186.680683090972
857.807,124.680413543868
858.126,237.680143997694
858.446,180.013207783923
858.765,94.0129382368177
859.085,107.012668690644
859.404,138.679065811137
859.723,105.012129598297
860.043,-70.9881399488077
860.362,32.6782571707542
860.681,202.677987624581
861.001,255.677718077476
861.320,133.010781864636
861.639,72.3438456508641
861.959,183.010242772289
862.278,177.67663989185
862.597,110.343037011412
862.916,111.342767465239
863.236,156.675831251467
863.555,193.008895038627
863.874,123.341958824856
864.193,198.008355944417
864.512,292.008086398244
864.831,323.00781685207
865.151,174.007547304966
865.470,372.340611092125
865.789,389.340341545486
866.108,413.006738665514
866.427,69.3398024517422
866.746,36.672866238902
867.065,144.672596692263
867.384,176.33899381229
867.703,171.005390932318
868.022,140.338454719478
868.341,286.338185172373
868.660,233.337915625734
868.979,116.670979412428
869.298,98.3373765324553
869.617,164.670440319149
869.936,254.670170772743
870.255,146.336567892538
870.573,153.669631679465
870.892,198.002695466159
871.211,114.335759252853
871.530,34.3354897062139
871.849,81.3352201595747
872.168,180.001617279602
872.486,208.668014399746
872.805,108.334411519774
873.124,195.334141973134
873.443,305.667205759887
873.761,243.00026954661
874.080,130.333333333333
874.399,14.6666666666667
874.718,135
875.036,82
875.355,14
875.674,-34
875.992,77
876.311,101.666666666667
876.629,-50.6666666666667
876.948,-39.6666666666667
877.267,-1.33333333333333
877.585,5.33333333333334
877.904,-138
878.222,-93.6666666666667
878.541,108
878.859,202.333333333333
879.178,191
879.496,165.333333333333
879.815,209
880.133,123
880.452,-70.3333333333333
880.770,-105
881.088,27.6666666666667
881.407,217.333333333333
881.725,111.333333333333
882.043,34.6666666666667
882.362,-45.3333333333333
882.680,-85.3333333333333
882.998,-106.333333333333
883.317,-13.3333333333333
883.635,271.333333333333
883.953,252.333333333333
884.271,249.666666666667
884.590,177.666666666667
884.908,215
885.226,136.666666666667
885.544,-16
885.863,54
886.181,148
886.499,291
886.817,144.666666666667
887.135,107.666666666667
887.453,87.6666666666667
887.771,161
888.089,96.6666666666667
888.407,129.333333333333
888.725,171
889.043,106
889.361,11.3333333333333
889.679,96.3333333333333
889.997,241
890.315,244.333333333333
890.633,123.333333333333
890.951,189
891.269,182.333333333333
891.587,96.6666666666667
891.905,-89.3333333333333
892.223,-35.3333333333333
892.541,69
892.859,74
893.176,-61.3333333333333
893.494,25.3333333333333
893.812,252.666666666667
894.130,298.666666666667
894.448,137.333333333333
894.765,2
895.083,24.3333333333333
895.401,21.3333333333333
895.719,-120.666666666667
896.036,-33.6666666666667
896.354,100
896.672,211
896.989,4.33333333333333
897.307,-48
897.625,66.3333333333333
897.942,150.333333333333
898.260,65.3333333333333
898.577,51
898.895,30.3333333333333
899.213,19.3333333333333
899.530,-142.333333333333
899.848,-25
900.165,213.333333333333
900.483,278.666666666667
900.800,320.666666666667
901.118,241
901.435,254
901.752,186.333333333333
902.070,81
902.387,80.3333333333333
902.705,109.333333333333
903.022,92.3333333333333
903.339,24
903.657,50.6666666666667
903.974,217.333333333333
904.291,188.333333333333
904.609,44
904.926,17.6666666666667
905.243,146.666666666667
905.560,189.666666666667
905.878,62
906.195,39.6666666666667
906.512,152.666666666667
906.829,135
907.146,192.666666666667
907.464,182
907.781,326.333333333333
908.098,141.333333333333
908.415,42.6666666666667
908.732,-31.3333333333333
909.049,60
909.366,-21.3333333333333
909.683,-121.666666666667
910.000,-42.3333333333333
910.317,109.666666666667
910.634,153
910.951,46.3333333333333
911.268,48
911.585,236.666666666667
911.902,250
912.219,185.666666666667
912.536,67.3333333333333
912.853,135.666666666667
913.170,125.333333333333
913.487,19.6666666666667
913.804,-2.66666666666667
914.121,73.6666666666667
914.437,113.666666666667
914.754,-24
915.071,15.6666666666667
915.388,204.666666666667
915.705,322.666666666667
916.021,134
916.338,18.3333333333333
916.655,89
916.972,129.333333333333
917.288,150.333333333333
917.605,120.333333333333
917.922,219.333333333333
918.238,85.3333333333333
918.555,-89.6666666666667
918.872,-164
919.188,-31
919.505,43.6666666666667
919.821,53
920.138,138.666666666667
920.454,254.333333333333
920.771,422
921.088,305
921.404,293
921.721,212.666666666667
922.037,146.333333333333
922.353,67.6666666666667
922.670,29.6666666666667
922.986,59
923.303,92.6666666666667
923.619,-59
923.936,-90.3333333333333
924.252,-132
924.568,-93.6666666666667
924.885,-92
925.201,16
925.517,234
925.834,281.666666666667
926.150,207
926.466,258.333333333333
926.782,269.666666666667
927.099,194
927.415,-57.3333333333333
927.731,-65.3333333333333
928.047,103
928.363,53.6666666666667
928.679,51.3333333333333
928.996,63
929.312,186.666666666667
929.628,163.333333333333
929.944,-50
930.260,-78.6666666666667
930.576,48
930.892,115.666666666667
931.208,92.6666666666667
931.524,69
931.840,116.333333333333
932.156,97.6666666666667
932.472,-95
932.788,-18.6666666666667
933.104,139.666666666667
933.420,230.666666666667
933.736,102.666666666667
934.052,86
934.368,193.666666666667
934.684,302.666666666667
934.999,208.333333333333
935.315,138.666666666667
935.631,177.333333333333
935.947,157.666666666667
936.263,81.6666666666667
936.578,45.6666666666667
936.894,211.666666666667
937.210,198.333333333333
937.526,134.666666666667
937.841,120.666666666667
938.157,204.666666666667
938.473,148
938.788,31.3333333333333
939.104,84.6666666666667
939.420,293.333333333333
939.735,256
940.051,125.333333333333
940.367,-48.6666666666667
940.682,26
940.998,59.3333333333333
941.313,13.6666666666667
941.629,21
941.944,141.666666666667
942.260,141.333333333333
942.575,20
942.891,-99
943.206,-7
943.522,29.3333333333333
943.837,-59.3333333333333
944.153,34.3333333333333
944.468,147
944.783,163.333333333333
945.099,-10.3333333333333
945.414,-72.3333333333333
945.729,194
946.045,138.333333333333
946.360,64.6666666666667
946.675,81.6666666666667
946.991,328
947.306,259
947.621,70.6666666666667
947.936,-23.6666666666667
948.252,191
948.567,128
948.882,-43.6666666666667
949.197,-170.666666666667
949.512,-99.6666666666667
949.827,-41.6666666666667
950.142,-103.666666666667
950.458,59
950.773,128.333333333333
951.088,193.666666666667
951.403,-13
951.718,63.6666666666667
952.033,122
952.348,86.3333333333333
952.663,-34
952.978,31.6666666666667
953.293,88.3333333333333
953.608,78.6666666666667
953.923,-15
954.238,-6.66666666666666
954.553,128.333333333333
954.867,8.66666666666667
955.182,-32
955.497,-117.666666666667
955.812,70.6666666666667
956.127,74.6666666666667
956.442,45
956.757,47
957.071,173.666666666667
957.386,145.666666666667
957.701,66
958.016,-7.66666666666666
958.330,156
958.645,125
958.960,123
959.274,41.6666666666667
959.589,111
959.904,52.6666666666667
960.218,32.6666666666667
960.533,28.3333333333333
960.848,102.666666666667
961.162,90.6666666666667
961.477,10.3333333333333
961.791,8
962.106,170
962.420,189
962.735,-5.33333333333333
963.049,-27
963.364,54.6666666666667
963.678,194.666666666667
963.993,-45.6666666666667
964.307,39.6666666666667
964.622,113
964.936,199
965.250,-6.33333333333334
965.565,-72.6666666666667
965.879,54.6666666666667
966.193,23.3333333333333
966.508,24.6666666666667
966.822,-43.3333333333333
967.136,79
967.451,57.6666666666667
967.765,26.6666666666667
968.079,55
968.393,236.666666666667
968.708,201
969.022,149.333333333333
969.336,129.666666666667
969.650,230
969.964,163.333333333333
970.278,-13.6666666666667
970.592,37.6666666666667
970.907,207.333333333333
971.221,205.333333333333
971.535,-25.6666666666667
971.849,50.3333333333333
972.163,99.3333333333333
972.477,104
972.791,-48.3333333333333
973.105,-50
973.419,183.333333333333
973.733,108.333333333333
974.047,23.6666666666667
974.361,8
974.675,142
974.989,175.666666666667
975.302,121
975.616,-65.3333333333333
975.930,93.6666666666667
976.244,372
976.558,529.666666666667
976.872,372.333333333333
977.185,184.666666666667
977.499,94
977.813,80.6666666666667
978.127,71.3333333333333
978.441,224
978.754,299.333333333333
979.068,78.6666666666667
979.382,-88
979.695,105.333333333333
980.009,98.3333333333333
980.323,104
980.636,5
980.950,79
981.263,125.666666666667
981.577,-104.333333333333
981.891,21
982.204,61.6666666666667
982.518,109.666666666667
982.831,-56.6666666666667
983.145,-12.6666666666667
983.458,26.3333333333333
983.772,-65
984.085,-181.333333333333
984.399,-74
984.712,59
985.025,58.3333333333333
985.339,-70.6666666666667
985.652,-31
985.965,97.3333333333333
986.279,67.6666666666667
986.592,-48
986.905,-84.6666666666667
987.219,110.666666666667
987.532,145.333333333333
987.845,20
988.159,69.3333333333333
988.472,165.333333333333
988.785,255.666666666667
989.098,136
989.411,146.333333333333
989.725,150.333333333333
990.038,98
990.351,-35.3333333333333
990.664,40.6666666666667
990.977,138.666666666667
991.290,152
991.603,19.3333333333333
991.916,54.6666666666667
992.229,169.333333333333
992.542,177
992.855,-13.6666666666667
993.168,26.6666666666667
993.481,231.666666666667
993.794,216.333333333333
994.107,103.666666666667
994.420,22.3333333333333
994.733,69.3333333333333
995.046,19.6666666666667
995.359,-162
995.672,-13.3333333333333
995.985,116.666666666667
996.298,192
996.610,30.6666666666667
996.923,77.6666666666667
997.236,108.333333333333
997.549,184.666666666667
997.862,72
998.174,133.666666666667
998.487,163.333333333333
998.800,145
999.113,66
999.425,1.33333333333333
999.738,71
1000.051,63.6666666666667
1000.363,-41.3333333333333
1000.676,34.3333333333333
1000.988,69.6666666666667
1001.301,105.666666666667
1001.614,-119.666666666667
1001.926,-121
1002.239,8.33333333333334
1002.551,177
1002.864,3
1003.176,59
1003.489,55.3333333333333
1003.801,239.333333333333
1004.114,77
1004.426,61
1004.738,45.6666666666667
1005.051,53.6666666666667
1005.363,-78
1005.676,-65.3333333333333
1005.988,31.6666666666667
1006.300,-37
1006.613,-50
1006.925,-22
1007.237,232
1007.550,153.666666666667
1007.862,34.6666666666667
1008.174,19.3333333333333
1008.486,158
1008.799,169.666666666667
1009.111,-36
1009.423,-4.33333333333333
1009.735,121.333333333333
1010.047,241.666666666667
1010.359,67
1010.671,114.666666666667
1010.984,251.333333333333
1011.296,295.333333333333
1011.608,181
1011.920,135.666666666667
1012.232,198.333333333333
1012.544,106.666666666667
1012.856,3.33333333333334
1013.168,83.3333333333333
1013.480,200
1013.792,188
1014.104,-9.66666666666667
1014.416,-32.6666666666667
1014.728,35.3333333333333
1015.039,33
1015.351,18.3333333333333
1015.663,95.3333333333333
1015.975,193.333333333333
1016.287,124.666666666667
1016.599,-54.3333333333333
1016.911,22
1017.222,180.666666666667
1017.534,194.333333333333
1017.846,15.6666666666667
1018.158,-70.6666666666667
1018.469,34.3333333333333
1018.781,98
1019.093,-59.6666666666667
1019.404,-69.3333333333333
1019.716,-7.66666666666667
1020.028,42
1020.339,-36.6666666666667
1020.651,-43.6666666666667
1020.963,220.333333333333
1021.274,134.333333333333
1021.586,7.33333333333334
1021.897,-148.333333333333
1022.209,176.333333333333
1022.520,212.333333333333
1022.832,211
1023.143,20
1023.455,88.3333333333333
1023.766,25.6666666666667
1024.078,-103.333333333333
1024.389,-49.6666666666667
1024.700,79.6666666666667
1025.012,101
1025.323,-38
1025.635,-52
1025.946,230.333333333333
1026.257,195.333333333333
1026.569,72.3333333333333
1026.880,15.3333333333333
1027.191,82.6666666666667
1027.502,193.666666666667
1027.814,-1.66666666666667
1028.125,-8.66666666666666
1028.436,-16.3333333333333
1028.747,-26.3333333333333
1029.059,-84
1029.370,-19.3333333333333
1029.681,119.333333333333
1029.992,127.333333333333
1030.303,-28.6666666666667
1030.614,-79
1030.925,142
1031.236,99
1031.547,106.666666666667
1031.858,-21.3333333333333
1032.169,246.333333333333
1032.480,126
1032.791,125.333333333333
1033.102,15.6666666666667
1033.413,157
1033.724,146.666666666667
1034.035,105.333333333333
1034.346,123
1034.657,210.333333333333
1034.968,151.666666666667
1035.279,-5.33333333333334
1035.590,47
1035.901,203.333333333333
1036.211,303.333333333333
1036.522,102.333333333333
1036.833,-23.6666666666667
1037.144,-30
1037.454,-36.6666666666667
1037.765,-100
1038.076,-16
1038.387,134.333333333333
1038.697,153
1039.008,21.3333333333333
1039.319,-31
1039.629,118.666666666667
1039.940,165
1040.250,47.6666666666667
1040.561,114.333333333333
1040.872,223
1041.182,227.666666666667
1041.493,24.3333333333333
1041.803,80.6666666666667
1042.114,214.333333333333
1042.424,333.666666666667
1042.735,156.333333333333
1043.045,306.333333333333
1043.356,296
1043.666,193.333333333333
1043.977,-4.66666666666667
1044.287,-63.3333333333333
1044.597,147
1044.908,15
1045.218,7.66666666666666
1045.528,-18
1045.839,248.666666666667
1046.149,171
1046.459,78.3333333333333
1046.770,-33.3333333333333
1047.080,14
1047.390,-20.6666666666667
1047.700,-100.666666666667
1048.010,29.6666666666667
1048.321,68.6666666666667
1048.631,84
1048.941,-102
1049.251,-81.6666666666667
1049.561,35
1049.871,-91.6666666666667
1050.181,-237.666666666667
1050.491,-362.666666666667
1050.802,-23
1051.112,95
1051.422,144.333333333333
1051.732,38.6666666666667
1052.042,121.666666666667
1052.352,34.6666666666667
1052.662,-52.3333333333333
1052.972,5.66666666666667
1053.281,134.333333333333
1053.591,91
1053.901,-70.3333333333333
1054.211,54.6666666666667
1054.521,278.666666666667
1054.831,332
1055.141,147.333333333333
1055.451,112.333333333333
1055.760,286.333333333333
1056.070,610
1056.380,556.333333333333
1056.690,526.666666666667
1056.999,294.666666666667
1057.309,300.666666666667
1057.619,175.333333333333
1057.928,227.666666666667
1058.238,260.333333333333
1058.548,260
1058.857,221.333333333333
1059.167,217.333333333333
1059.477,409.666666666667
1059.786,281
1060.096,173
1060.405,87.6666666666667
1060.715,322.666666666667
1061.024,438.666666666667
1061.334,207
1061.643,104.666666666667
1061.953,150.666666666667
1062.262,116.666666666667
1062.572,22.3333333333333
1062.881,-30.3333333333333
1063.191,206
1063.500,190
1063.809,-18.6666666666667
1064.119,6.66666666666667
1064.428,62.6666666666667
1064.738,26.6666666666667
1065.047,-196.333333333333
1065.356,-187
1065.665,3
1065.975,117.333333333333
1066.284,30.3333333333333
1066.593,127.333333333333
1066.902,257.666666666667
1067.212,313
1067.521,129
1067.830,6.66666666666666
1068.139,30
1068.448,133.666666666667
1068.757,104.666666666667
1069.066,141.333333333333
1069.376,145.666666666667
1069.685,-38
1069.994,-112
1070.303,14.6666666666667
1070.612,275.666666666667
1070.921,235
1071.230,57.3333333333333
1071.539,-16.3333333333333
1071.848,126.333333333333
1072.157,48
1072.465,75
1072.774,72
1073.083,267.333333333333
1073.392,138
1073.701,7.66666666666667
1074.010,-73
1074.319,164.333333333333
1074.628,194
1074.936,116.333333333333
1075.245,117.666666666667
1075.554,236.666666666667
1075.863,170.333333333333
1076.171,30
1076.480,144.333333333333
1076.789,393.333333333333
1077.097,403.333333333333
1077.406,81.6666666666667
1077.715,-43.3333333333333
1078.023,75.3333333333333
1078.332,111
1078.641,-38
1078.949,-67
1079.258,62
1079.566,55.3333333333333
1079.875,-147.333333333333
1080.183,-108.666666666667
1080.492,187
1080.800,146
1081.109,-59.6666666666667
1081.417,-125.333333333333
1081.726,100.666666666667
1082.034,137
1082.342,-14.6666666666667
1082.651,73.6666666666667
1082.959,145
1083.268,148
1083.576,58.3333333333333
1083.884,159
1084.192,344.666666666667
1084.501,241
1084.809,52
1085.117,45
1085.426,206.666666666667
1085.734,204.666666666667
1086.042,67.6666666666667
1086.350,-8.33333333333333
1086.658,62.3333333333333
1086.966,-20.3333333333333
1087.275,-81
1087.583,16.3333333333333
1087.891,153.666666666667
1088.199,182.666666666667
1088.507,2.66666666666667
1088.815,95
1089.123,124
1089.431,137.333333333333
1089.739,-86.6666666666667
1090.047,-4.33333333333333
1090.355,203.333333333333
1090.663,213
1090.971,9.33333333333334
1091.279,-78.3333333333333
1091.587,111
1091.895,262
1092.203,177
1092.510,33.6666666666667
1092.818,97.3333333333333
1093.126,130
1093.434,115.666666666667
1093.742,113.666666666667
1094.049,138
1094.357,75.6666666666667
1094.665,-43.3333333333333
1094.973,84
1095.280,202.333333333333
1095.588,93.6666666666667
1095.896,-86
1096.203,77
1096.511,314.333333333333
1096.819,422
1097.126,165.333333333333
1097.434,37.3333333333333
1097.741,18.3333333333333
1098.049,29.3333333333333
1098.357,-88.6666666666667
1098.664,-38.3333333333333
1098.972,110
1099.279,120.333333333333
1099.587,58.6666666666667
1099.894,124
1100.202,287
